<esri:Workspace xmlns:esri="http://www.esri.com/schemas/ArcGIS/10" xmlns:xsi="http://www.w3.org/2001/XMLSchema-instance" xmlns:xs="http://www.w3.org/2001/XMLSchema"><WorkspaceDefinition xsi:type="esri:WorkspaceDefinition"><WorkspaceType>esriLocalDatabaseWorkspace</WorkspaceType><Version></Version><Domains xsi:type="esri:ArrayOfDomain"></Domains><DatasetDefinitions xsi:type="esri:ArrayOfDataElement"><DataElement xsi:type="esri:DEFeatureClass"><CatalogPath>/FC=Manzana</CatalogPath><Name>Manzana</Name><MetadataRetrieved>true</MetadataRetrieved><Metadata xsi:type="esri:XmlPropertySet"><XmlDoc>&lt;metadata xml:lang="es"&gt;&lt;Esri&gt;&lt;CreaDate&gt;20210609&lt;/CreaDate&gt;&lt;CreaTime&gt;15194300&lt;/CreaTime&gt;&lt;ArcGISFormat&gt;1.0&lt;/ArcGISFormat&gt;&lt;SyncOnce&gt;FALSE&lt;/SyncOnce&gt;&lt;DataProperties&gt;&lt;itemProps&gt;&lt;itemName Sync="TRUE"&gt;Manzana_Indeterminada&lt;/itemName&gt;&lt;imsContentType Sync="TRUE"&gt;002&lt;/imsContentType&gt;&lt;itemSize Sync="TRUE"&gt;0.000&lt;/itemSize&gt;&lt;itemLocation&gt;&lt;linkage Sync="TRUE"&gt;file://\\DIEGO_BARRIENTO\Users\Dbarrientos\Desktop\GEODATOS_ABIERTOS\GDB\Microdatos_Censo_2017.gdb&lt;/linkage&gt;&lt;protocol Sync="TRUE"&gt;Local Area Network&lt;/protocol&gt;&lt;/itemLocation&gt;&lt;/itemProps&gt;&lt;coordRef&gt;&lt;type Sync="TRUE"&gt;Geographic&lt;/type&gt;&lt;geogcsn Sync="TRUE"&gt;GCS_SIRGAS_2000&lt;/geogcsn&gt;&lt;csUnits Sync="TRUE"&gt;Angular Unit: Degree (0.017453)&lt;/csUnits&gt;&lt;peXml Sync="TRUE"&gt;&amp;lt;GeographicCoordinateSystem xsi:type='typens:GeographicCoordinateSystem' xmlns:xsi='http://www.w3.org/2001/XMLSchema-instance' xmlns:xs='http://www.w3.org/2001/XMLSchema' xmlns:typens='http://www.esri.com/schemas/ArcGIS/10.6'&amp;gt;&amp;lt;WKT&amp;gt;GEOGCS[&amp;amp;quot;GCS_SIRGAS_2000&amp;amp;quot;,DATUM[&amp;amp;quot;D_SIRGAS_2000&amp;amp;quot;,SPHEROID[&amp;amp;quot;GRS_1980&amp;amp;quot;,6378137.0,298.257222101]],PRIMEM[&amp;amp;quot;Greenwich&amp;amp;quot;,0.0],UNIT[&amp;amp;quot;Degree&amp;amp;quot;,0.0174532925199433],AUTHORITY[&amp;amp;quot;EPSG&amp;amp;quot;,4674]]&amp;lt;/WKT&amp;gt;&amp;lt;XOrigin&amp;gt;-400&amp;lt;/XOrigin&amp;gt;&amp;lt;YOrigin&amp;gt;-400&amp;lt;/YOrigin&amp;gt;&amp;lt;XYScale&amp;gt;11258999068426.238&amp;lt;/XYScale&amp;gt;&amp;lt;ZOrigin&amp;gt;-100000&amp;lt;/ZOrigin&amp;gt;&amp;lt;ZScale&amp;gt;10000&amp;lt;/ZScale&amp;gt;&amp;lt;MOrigin&amp;gt;-100000&amp;lt;/MOrigin&amp;gt;&amp;lt;MScale&amp;gt;10000&amp;lt;/MScale&amp;gt;&amp;lt;XYTolerance&amp;gt;8.9831528411952133e-09&amp;lt;/XYTolerance&amp;gt;&amp;lt;ZTolerance&amp;gt;0.001&amp;lt;/ZTolerance&amp;gt;&amp;lt;MTolerance&amp;gt;0.001&amp;lt;/MTolerance&amp;gt;&amp;lt;HighPrecision&amp;gt;true&amp;lt;/HighPrecision&amp;gt;&amp;lt;LeftLongitude&amp;gt;-180&amp;lt;/LeftLongitude&amp;gt;&amp;lt;WKID&amp;gt;4674&amp;lt;/WKID&amp;gt;&amp;lt;LatestWKID&amp;gt;4674&amp;lt;/LatestWKID&amp;gt;&amp;lt;/GeographicCoordinateSystem&amp;gt;&lt;/peXml&gt;&lt;/coordRef&gt;&lt;/DataProperties&gt;&lt;SyncDate&gt;20180904&lt;/SyncDate&gt;&lt;SyncTime&gt;11153500&lt;/SyncTime&gt;&lt;ModDate&gt;20180904&lt;/ModDate&gt;&lt;ModTime&gt;11153500&lt;/ModTime&gt;&lt;ArcGISstyle&gt;ISO 19139 Metadata Implementation Specification&lt;/ArcGISstyle&gt;&lt;/Esri&gt;&lt;dataIdInfo&gt;&lt;envirDesc Sync="TRUE"&gt; Version 6.2 (Build 9200) ; Esri ArcGIS 10.6.1.9270&lt;/envirDesc&gt;&lt;dataLang&gt;&lt;languageCode value="spa" Sync="TRUE"/&gt;&lt;countryCode value="CHL" Sync="TRUE"/&gt;&lt;/dataLang&gt;&lt;idCitation&gt;&lt;resTitle Sync="TRUE"&gt;Manzana_Indeterminada&lt;/resTitle&gt;&lt;presForm&gt;&lt;PresFormCd value="005" Sync="TRUE"/&gt;&lt;/presForm&gt;&lt;/idCitation&gt;&lt;spatRpType&gt;&lt;SpatRepTypCd value="001" Sync="TRUE"/&gt;&lt;/spatRpType&gt;&lt;/dataIdInfo&gt;&lt;mdLang&gt;&lt;languageCode value="spa" Sync="TRUE"/&gt;&lt;countryCode value="CHL" Sync="TRUE"/&gt;&lt;/mdLang&gt;&lt;distInfo&gt;&lt;distFormat&gt;&lt;formatName Sync="TRUE"&gt;Shapefile&lt;/formatName&gt;&lt;/distFormat&gt;&lt;distTranOps&gt;&lt;transSize Sync="TRUE"&gt;0.000&lt;/transSize&gt;&lt;/distTranOps&gt;&lt;/distInfo&gt;&lt;mdHrLv&gt;&lt;ScopeCd value="005" Sync="TRUE"/&gt;&lt;/mdHrLv&gt;&lt;mdHrLvName Sync="TRUE"&gt;dataset&lt;/mdHrLvName&gt;&lt;refSysInfo&gt;&lt;RefSystem&gt;&lt;refSysID&gt;&lt;identCode code="4674" Sync="TRUE"/&gt;&lt;idCodeSpace Sync="TRUE"&gt;EPSG&lt;/idCodeSpace&gt;&lt;idVersion Sync="TRUE"&gt;7.8.3(9.2.0)&lt;/idVersion&gt;&lt;/refSysID&gt;&lt;/RefSystem&gt;&lt;/refSysInfo&gt;&lt;spatRepInfo&gt;&lt;VectSpatRep&gt;&lt;geometObjs Name="Manzana_Indeterminada"&gt;&lt;geoObjTyp&gt;&lt;GeoObjTypCd value="002" Sync="TRUE"/&gt;&lt;/geoObjTyp&gt;&lt;geoObjCnt Sync="TRUE"&gt;0&lt;/geoObjCnt&gt;&lt;/geometObjs&gt;&lt;topLvl&gt;&lt;TopoLevCd value="001" Sync="TRUE"/&gt;&lt;/topLvl&gt;&lt;/VectSpatRep&gt;&lt;/spatRepInfo&gt;&lt;spdoinfo&gt;&lt;ptvctinf&gt;&lt;esriterm Name="Manzana_Indeterminada"&gt;&lt;efeatyp Sync="TRUE"&gt;Simple&lt;/efeatyp&gt;&lt;efeageom code="4" Sync="TRUE"/&gt;&lt;esritopo Sync="TRUE"&gt;FALSE&lt;/esritopo&gt;&lt;efeacnt Sync="TRUE"&gt;0&lt;/efeacnt&gt;&lt;spindex Sync="TRUE"&gt;FALSE&lt;/spindex&gt;&lt;linrefer Sync="TRUE"&gt;FALSE&lt;/linrefer&gt;&lt;/esriterm&gt;&lt;/ptvctinf&gt;&lt;/spdoinfo&gt;&lt;eainfo&gt;&lt;detailed Name="Manzana_Indeterminada"&gt;&lt;enttyp&gt;&lt;enttypl Sync="TRUE"&gt;Manzana_Indeterminada&lt;/enttypl&gt;&lt;enttypt Sync="TRUE"&gt;Feature Class&lt;/enttypt&gt;&lt;enttypc Sync="TRUE"&gt;0&lt;/enttypc&gt;&lt;/enttyp&gt;&lt;attr&gt;&lt;attrlabl Sync="TRUE"&gt;FID&lt;/attrlabl&gt;&lt;attalias Sync="TRUE"&gt;FID&lt;/attalias&gt;&lt;attrtype Sync="TRUE"&gt;OID&lt;/attrtype&gt;&lt;attwidth Sync="TRUE"&gt;4&lt;/attwidth&gt;&lt;atprecis Sync="TRUE"&gt;0&lt;/atprecis&gt;&lt;attscale Sync="TRUE"&gt;0&lt;/attscale&gt;&lt;attrdef Sync="TRUE"&gt;Internal feature number.&lt;/attrdef&gt;&lt;attrdefs Sync="TRUE"&gt;Esri&lt;/attrdefs&gt;&lt;attrdomv&gt;&lt;udom Sync="TRUE"&gt;Sequential unique whole numbers that are automatically generated.&lt;/udom&gt;&lt;/attrdomv&gt;&lt;/attr&gt;&lt;attr&gt;&lt;attrlabl Sync="TRUE"&gt;Shape&lt;/attrlabl&gt;&lt;attalias Sync="TRUE"&gt;Shape&lt;/attalias&gt;&lt;attrtype Sync="TRUE"&gt;Geometry&lt;/attrtype&gt;&lt;attwidth Sync="TRUE"&gt;0&lt;/attwidth&gt;&lt;atprecis Sync="TRUE"&gt;0&lt;/atprecis&gt;&lt;attscale Sync="TRUE"&gt;0&lt;/attscale&gt;&lt;attrdef Sync="TRUE"&gt;Feature geometry.&lt;/attrdef&gt;&lt;attrdefs Sync="TRUE"&gt;Esri&lt;/attrdefs&gt;&lt;attrdomv&gt;&lt;udom Sync="TRUE"&gt;Coordinates defining the features.&lt;/udom&gt;&lt;/attrdomv&gt;&lt;/attr&gt;&lt;attr&gt;&lt;attrlabl Sync="TRUE"&gt;CUT&lt;/attrlabl&gt;&lt;attalias Sync="TRUE"&gt;CUT&lt;/attalias&gt;&lt;attrtype Sync="TRUE"&gt;Integer&lt;/attrtype&gt;&lt;attwidth Sync="TRUE"&gt;10&lt;/attwidth&gt;&lt;atprecis Sync="TRUE"&gt;10&lt;/atprecis&gt;&lt;attscale Sync="TRUE"&gt;0&lt;/attscale&gt;&lt;/attr&gt;&lt;attr&gt;&lt;attrlabl Sync="TRUE"&gt;REGION&lt;/attrlabl&gt;&lt;attalias Sync="TRUE"&gt;REGION&lt;/attalias&gt;&lt;attrtype Sync="TRUE"&gt;String&lt;/attrtype&gt;&lt;attwidth Sync="TRUE"&gt;55&lt;/attwidth&gt;&lt;atprecis Sync="TRUE"&gt;0&lt;/atprecis&gt;&lt;attscale Sync="TRUE"&gt;0&lt;/attscale&gt;&lt;/attr&gt;&lt;attr&gt;&lt;attrlabl Sync="TRUE"&gt;PROVINCIA&lt;/attrlabl&gt;&lt;attalias Sync="TRUE"&gt;PROVINCIA&lt;/attalias&gt;&lt;attrtype Sync="TRUE"&gt;String&lt;/attrtype&gt;&lt;attwidth Sync="TRUE"&gt;50&lt;/attwidth&gt;&lt;atprecis Sync="TRUE"&gt;0&lt;/atprecis&gt;&lt;attscale Sync="TRUE"&gt;0&lt;/attscale&gt;&lt;/attr&gt;&lt;attr&gt;&lt;attrlabl Sync="TRUE"&gt;COMUNA&lt;/attrlabl&gt;&lt;attalias Sync="TRUE"&gt;COMUNA&lt;/attalias&gt;&lt;attrtype Sync="TRUE"&gt;String&lt;/attrtype&gt;&lt;attwidth Sync="TRUE"&gt;22&lt;/attwidth&gt;&lt;atprecis Sync="TRUE"&gt;0&lt;/atprecis&gt;&lt;attscale Sync="TRUE"&gt;0&lt;/attscale&gt;&lt;/attr&gt;&lt;attr&gt;&lt;attrlabl Sync="TRUE"&gt;MANZENT_I&lt;/attrlabl&gt;&lt;attalias Sync="TRUE"&gt;MANZENT_I&lt;/attalias&gt;&lt;attrtype Sync="TRUE"&gt;Double&lt;/attrtype&gt;&lt;attwidth Sync="TRUE"&gt;19&lt;/attwidth&gt;&lt;atprecis Sync="TRUE"&gt;0&lt;/atprecis&gt;&lt;attscale Sync="TRUE"&gt;0&lt;/attscale&gt;&lt;/attr&gt;&lt;attr&gt;&lt;attrlabl Sync="TRUE"&gt;DISTRITO&lt;/attrlabl&gt;&lt;attalias Sync="TRUE"&gt;DISTRITO&lt;/attalias&gt;&lt;attrtype Sync="TRUE"&gt;String&lt;/attrtype&gt;&lt;attwidth Sync="TRUE"&gt;40&lt;/attwidth&gt;&lt;atprecis Sync="TRUE"&gt;0&lt;/atprecis&gt;&lt;attscale Sync="TRUE"&gt;0&lt;/attscale&gt;&lt;/attr&gt;&lt;attr&gt;&lt;attrlabl Sync="TRUE"&gt;COD_DISTRI&lt;/attrlabl&gt;&lt;attalias Sync="TRUE"&gt;COD_DISTRI&lt;/attalias&gt;&lt;attrtype Sync="TRUE"&gt;Integer&lt;/attrtype&gt;&lt;attwidth Sync="TRUE"&gt;5&lt;/attwidth&gt;&lt;atprecis Sync="TRUE"&gt;5&lt;/atprecis&gt;&lt;attscale Sync="TRUE"&gt;0&lt;/attscale&gt;&lt;/attr&gt;&lt;attr&gt;&lt;attrlabl Sync="TRUE"&gt;COD_LOCALI&lt;/attrlabl&gt;&lt;attalias Sync="TRUE"&gt;COD_LOCALI&lt;/attalias&gt;&lt;attrtype Sync="TRUE"&gt;Integer&lt;/attrtype&gt;&lt;attwidth Sync="TRUE"&gt;5&lt;/attwidth&gt;&lt;atprecis Sync="TRUE"&gt;5&lt;/atprecis&gt;&lt;attscale Sync="TRUE"&gt;0&lt;/attscale&gt;&lt;/attr&gt;&lt;attr&gt;&lt;attrlabl Sync="TRUE"&gt;COD_ENTIDA&lt;/attrlabl&gt;&lt;attalias Sync="TRUE"&gt;COD_ENTIDA&lt;/attalias&gt;&lt;attrtype Sync="TRUE"&gt;Integer&lt;/attrtype&gt;&lt;attwidth Sync="TRUE"&gt;5&lt;/attwidth&gt;&lt;atprecis Sync="TRUE"&gt;5&lt;/atprecis&gt;&lt;attscale Sync="TRUE"&gt;0&lt;/attscale&gt;&lt;/attr&gt;&lt;attr&gt;&lt;attrlabl Sync="TRUE"&gt;CATEGORIA&lt;/attrlabl&gt;&lt;attalias Sync="TRUE"&gt;CATEGORIA&lt;/attalias&gt;&lt;attrtype Sync="TRUE"&gt;String&lt;/attrtype&gt;&lt;attwidth Sync="TRUE"&gt;4&lt;/attwidth&gt;&lt;atprecis Sync="TRUE"&gt;0&lt;/atprecis&gt;&lt;attscale Sync="TRUE"&gt;0&lt;/attscale&gt;&lt;/attr&gt;&lt;attr&gt;&lt;attrlabl Sync="TRUE"&gt;COD_CATEGO&lt;/attrlabl&gt;&lt;attalias Sync="TRUE"&gt;COD_CATEGO&lt;/attalias&gt;&lt;attrtype Sync="TRUE"&gt;Integer&lt;/attrtype&gt;&lt;attwidth Sync="TRUE"&gt;5&lt;/attwidth&gt;&lt;atprecis Sync="TRUE"&gt;5&lt;/atprecis&gt;&lt;attscale Sync="TRUE"&gt;0&lt;/attscale&gt;&lt;/attr&gt;&lt;attr&gt;&lt;attrlabl Sync="TRUE"&gt;PERSONAS&lt;/attrlabl&gt;&lt;attalias Sync="TRUE"&gt;PERSONAS&lt;/attalias&gt;&lt;attrtype Sync="TRUE"&gt;Integer&lt;/attrtype&gt;&lt;attwidth Sync="TRUE"&gt;10&lt;/attwidth&gt;&lt;atprecis Sync="TRUE"&gt;10&lt;/atprecis&gt;&lt;attscale Sync="TRUE"&gt;0&lt;/attscale&gt;&lt;/attr&gt;&lt;attr&gt;&lt;attrlabl Sync="TRUE"&gt;HOMBRES&lt;/attrlabl&gt;&lt;attalias Sync="TRUE"&gt;HOMBRES&lt;/attalias&gt;&lt;attrtype Sync="TRUE"&gt;String&lt;/attrtype&gt;&lt;attwidth Sync="TRUE"&gt;50&lt;/attwidth&gt;&lt;atprecis Sync="TRUE"&gt;0&lt;/atprecis&gt;&lt;attscale Sync="TRUE"&gt;0&lt;/attscale&gt;&lt;/attr&gt;&lt;attr&gt;&lt;attrlabl Sync="TRUE"&gt;MUJERES&lt;/attrlabl&gt;&lt;attalias Sync="TRUE"&gt;MUJERES&lt;/attalias&gt;&lt;attrtype Sync="TRUE"&gt;String&lt;/attrtype&gt;&lt;attwidth Sync="TRUE"&gt;50&lt;/attwidth&gt;&lt;atprecis Sync="TRUE"&gt;0&lt;/atprecis&gt;&lt;attscale Sync="TRUE"&gt;0&lt;/attscale&gt;&lt;/attr&gt;&lt;attr&gt;&lt;attrlabl Sync="TRUE"&gt;DE_0_A_5_A&lt;/attrlabl&gt;&lt;attalias Sync="TRUE"&gt;DE_0_A_5_A&lt;/attalias&gt;&lt;attrtype Sync="TRUE"&gt;String&lt;/attrtype&gt;&lt;attwidth Sync="TRUE"&gt;50&lt;/attwidth&gt;&lt;atprecis Sync="TRUE"&gt;0&lt;/atprecis&gt;&lt;attscale Sync="TRUE"&gt;0&lt;/attscale&gt;&lt;/attr&gt;&lt;attr&gt;&lt;attrlabl Sync="TRUE"&gt;DE_6_A_14_&lt;/attrlabl&gt;&lt;attalias Sync="TRUE"&gt;DE_6_A_14_&lt;/attalias&gt;&lt;attrtype Sync="TRUE"&gt;String&lt;/attrtype&gt;&lt;attwidth Sync="TRUE"&gt;50&lt;/attwidth&gt;&lt;atprecis Sync="TRUE"&gt;0&lt;/atprecis&gt;&lt;attscale Sync="TRUE"&gt;0&lt;/attscale&gt;&lt;/attr&gt;&lt;attr&gt;&lt;attrlabl Sync="TRUE"&gt;DE_15_A_64&lt;/attrlabl&gt;&lt;attalias Sync="TRUE"&gt;DE_15_A_64&lt;/attalias&gt;&lt;attrtype Sync="TRUE"&gt;String&lt;/attrtype&gt;&lt;attwidth Sync="TRUE"&gt;50&lt;/attwidth&gt;&lt;atprecis Sync="TRUE"&gt;0&lt;/atprecis&gt;&lt;attscale Sync="TRUE"&gt;0&lt;/attscale&gt;&lt;/attr&gt;&lt;attr&gt;&lt;attrlabl Sync="TRUE"&gt;DE_65_MAS_&lt;/attrlabl&gt;&lt;attalias Sync="TRUE"&gt;DE_65_MAS_&lt;/attalias&gt;&lt;attrtype Sync="TRUE"&gt;String&lt;/attrtype&gt;&lt;attwidth Sync="TRUE"&gt;50&lt;/attwidth&gt;&lt;atprecis Sync="TRUE"&gt;0&lt;/atprecis&gt;&lt;attscale Sync="TRUE"&gt;0&lt;/attscale&gt;&lt;/attr&gt;&lt;attr&gt;&lt;attrlabl Sync="TRUE"&gt;INMIGRANTE&lt;/attrlabl&gt;&lt;attalias Sync="TRUE"&gt;INMIGRANTE&lt;/attalias&gt;&lt;attrtype Sync="TRUE"&gt;String&lt;/attrtype&gt;&lt;attwidth Sync="TRUE"&gt;50&lt;/attwidth&gt;&lt;atprecis Sync="TRUE"&gt;0&lt;/atprecis&gt;&lt;attscale Sync="TRUE"&gt;0&lt;/attscale&gt;&lt;/attr&gt;&lt;attr&gt;&lt;attrlabl Sync="TRUE"&gt;PUEBLOS_OR&lt;/attrlabl&gt;&lt;attalias Sync="TRUE"&gt;PUEBLOS_OR&lt;/attalias&gt;&lt;attrtype Sync="TRUE"&gt;String&lt;/attrtype&gt;&lt;attwidth Sync="TRUE"&gt;50&lt;/attwidth&gt;&lt;atprecis Sync="TRUE"&gt;0&lt;/atprecis&gt;&lt;attscale Sync="TRUE"&gt;0&lt;/attscale&gt;&lt;/attr&gt;&lt;attr&gt;&lt;attrlabl Sync="TRUE"&gt;VIVIENDAS_&lt;/attrlabl&gt;&lt;attalias Sync="TRUE"&gt;VIVIENDAS_&lt;/attalias&gt;&lt;attrtype Sync="TRUE"&gt;Integer&lt;/attrtype&gt;&lt;attwidth Sync="TRUE"&gt;10&lt;/attwidth&gt;&lt;atprecis Sync="TRUE"&gt;10&lt;/atprecis&gt;&lt;attscale Sync="TRUE"&gt;0&lt;/attscale&gt;&lt;/attr&gt;&lt;attr&gt;&lt;attrlabl Sync="TRUE"&gt;VIVIENDAS1&lt;/attrlabl&gt;&lt;attalias Sync="TRUE"&gt;VIVIENDAS1&lt;/attalias&gt;&lt;attrtype Sync="TRUE"&gt;Integer&lt;/attrtype&gt;&lt;attwidth Sync="TRUE"&gt;10&lt;/attwidth&gt;&lt;atprecis Sync="TRUE"&gt;10&lt;/atprecis&gt;&lt;attscale Sync="TRUE"&gt;0&lt;/attscale&gt;&lt;/attr&gt;&lt;attr&gt;&lt;attrlabl Sync="TRUE"&gt;VIV_OCUPAD&lt;/attrlabl&gt;&lt;attalias Sync="TRUE"&gt;VIV_OCUPAD&lt;/attalias&gt;&lt;attrtype Sync="TRUE"&gt;Integer&lt;/attrtype&gt;&lt;attwidth Sync="TRUE"&gt;10&lt;/attwidth&gt;&lt;atprecis Sync="TRUE"&gt;10&lt;/atprecis&gt;&lt;attscale Sync="TRUE"&gt;0&lt;/attscale&gt;&lt;/attr&gt;&lt;attr&gt;&lt;attrlabl Sync="TRUE"&gt;TOTAL_VIVI&lt;/attrlabl&gt;&lt;attalias Sync="TRUE"&gt;TOTAL_VIVI&lt;/attalias&gt;&lt;attrtype Sync="TRUE"&gt;Integer&lt;/attrtype&gt;&lt;attwidth Sync="TRUE"&gt;10&lt;/attwidth&gt;&lt;atprecis Sync="TRUE"&gt;10&lt;/atprecis&gt;&lt;attscale Sync="TRUE"&gt;0&lt;/attscale&gt;&lt;/attr&gt;&lt;attr&gt;&lt;attrlabl Sync="TRUE"&gt;TOT_HOGARE&lt;/attrlabl&gt;&lt;attalias Sync="TRUE"&gt;TOT_HOGARE&lt;/attalias&gt;&lt;attrtype Sync="TRUE"&gt;Integer&lt;/attrtype&gt;&lt;attwidth Sync="TRUE"&gt;10&lt;/attwidth&gt;&lt;atprecis Sync="TRUE"&gt;10&lt;/atprecis&gt;&lt;attscale Sync="TRUE"&gt;0&lt;/attscale&gt;&lt;/attr&gt;&lt;attr&gt;&lt;attrlabl Sync="TRUE"&gt;CASA&lt;/attrlabl&gt;&lt;attalias Sync="TRUE"&gt;CASA&lt;/attalias&gt;&lt;attrtype Sync="TRUE"&gt;Integer&lt;/attrtype&gt;&lt;attwidth Sync="TRUE"&gt;10&lt;/attwidth&gt;&lt;atprecis Sync="TRUE"&gt;10&lt;/atprecis&gt;&lt;attscale Sync="TRUE"&gt;0&lt;/attscale&gt;&lt;/attr&gt;&lt;attr&gt;&lt;attrlabl Sync="TRUE"&gt;DEPTO&lt;/attrlabl&gt;&lt;attalias Sync="TRUE"&gt;DEPTO&lt;/attalias&gt;&lt;attrtype Sync="TRUE"&gt;Integer&lt;/attrtype&gt;&lt;attwidth Sync="TRUE"&gt;10&lt;/attwidth&gt;&lt;atprecis Sync="TRUE"&gt;10&lt;/atprecis&gt;&lt;attscale Sync="TRUE"&gt;0&lt;/attscale&gt;&lt;/attr&gt;&lt;attr&gt;&lt;attrlabl Sync="TRUE"&gt;VIV_INDIGE&lt;/attrlabl&gt;&lt;attalias Sync="TRUE"&gt;VIV_INDIGE&lt;/attalias&gt;&lt;attrtype Sync="TRUE"&gt;Integer&lt;/attrtype&gt;&lt;attwidth Sync="TRUE"&gt;10&lt;/attwidth&gt;&lt;atprecis Sync="TRUE"&gt;10&lt;/atprecis&gt;&lt;attscale Sync="TRUE"&gt;0&lt;/attscale&gt;&lt;/attr&gt;&lt;attr&gt;&lt;attrlabl Sync="TRUE"&gt;CONVENTILL&lt;/attrlabl&gt;&lt;attalias Sync="TRUE"&gt;CONVENTILL&lt;/attalias&gt;&lt;attrtype Sync="TRUE"&gt;Integer&lt;/attrtype&gt;&lt;attwidth Sync="TRUE"&gt;10&lt;/attwidth&gt;&lt;atprecis Sync="TRUE"&gt;10&lt;/atprecis&gt;&lt;attscale Sync="TRUE"&gt;0&lt;/attscale&gt;&lt;/attr&gt;&lt;attr&gt;&lt;attrlabl Sync="TRUE"&gt;MEDIAGUA&lt;/attrlabl&gt;&lt;attalias Sync="TRUE"&gt;MEDIAGUA&lt;/attalias&gt;&lt;attrtype Sync="TRUE"&gt;Integer&lt;/attrtype&gt;&lt;attwidth Sync="TRUE"&gt;10&lt;/attwidth&gt;&lt;atprecis Sync="TRUE"&gt;10&lt;/atprecis&gt;&lt;attscale Sync="TRUE"&gt;0&lt;/attscale&gt;&lt;/attr&gt;&lt;attr&gt;&lt;attrlabl Sync="TRUE"&gt;MOVIL&lt;/attrlabl&gt;&lt;attalias Sync="TRUE"&gt;MOVIL&lt;/attalias&gt;&lt;attrtype Sync="TRUE"&gt;Integer&lt;/attrtype&gt;&lt;attwidth Sync="TRUE"&gt;10&lt;/attwidth&gt;&lt;atprecis Sync="TRUE"&gt;10&lt;/atprecis&gt;&lt;attscale Sync="TRUE"&gt;0&lt;/attscale&gt;&lt;/attr&gt;&lt;attr&gt;&lt;attrlabl Sync="TRUE"&gt;OTRA_VIV_P&lt;/attrlabl&gt;&lt;attalias Sync="TRUE"&gt;OTRA_VIV_P&lt;/attalias&gt;&lt;attrtype Sync="TRUE"&gt;Integer&lt;/attrtype&gt;&lt;attwidth Sync="TRUE"&gt;10&lt;/attwidth&gt;&lt;atprecis Sync="TRUE"&gt;10&lt;/atprecis&gt;&lt;attscale Sync="TRUE"&gt;0&lt;/attscale&gt;&lt;/attr&gt;&lt;attr&gt;&lt;attrlabl Sync="TRUE"&gt;VIV_HORMIG&lt;/attrlabl&gt;&lt;attalias Sync="TRUE"&gt;VIV_HORMIG&lt;/attalias&gt;&lt;attrtype Sync="TRUE"&gt;Integer&lt;/attrtype&gt;&lt;attwidth Sync="TRUE"&gt;10&lt;/attwidth&gt;&lt;atprecis Sync="TRUE"&gt;10&lt;/atprecis&gt;&lt;attscale Sync="TRUE"&gt;0&lt;/attscale&gt;&lt;/attr&gt;&lt;attr&gt;&lt;attrlabl Sync="TRUE"&gt;VIV_ALBANI&lt;/attrlabl&gt;&lt;attalias Sync="TRUE"&gt;VIV_ALBANI&lt;/attalias&gt;&lt;attrtype Sync="TRUE"&gt;Integer&lt;/attrtype&gt;&lt;attwidth Sync="TRUE"&gt;10&lt;/attwidth&gt;&lt;atprecis Sync="TRUE"&gt;10&lt;/atprecis&gt;&lt;attscale Sync="TRUE"&gt;0&lt;/attscale&gt;&lt;/attr&gt;&lt;attr&gt;&lt;attrlabl Sync="TRUE"&gt;VIV_TABIQU&lt;/attrlabl&gt;&lt;attalias Sync="TRUE"&gt;VIV_TABIQU&lt;/attalias&gt;&lt;attrtype Sync="TRUE"&gt;Integer&lt;/attrtype&gt;&lt;attwidth Sync="TRUE"&gt;10&lt;/attwidth&gt;&lt;atprecis Sync="TRUE"&gt;10&lt;/atprecis&gt;&lt;attscale Sync="TRUE"&gt;0&lt;/attscale&gt;&lt;/attr&gt;&lt;attr&gt;&lt;attrlabl Sync="TRUE"&gt;VIV_TABI_1&lt;/attrlabl&gt;&lt;attalias Sync="TRUE"&gt;VIV_TABI_1&lt;/attalias&gt;&lt;attrtype Sync="TRUE"&gt;Integer&lt;/attrtype&gt;&lt;attwidth Sync="TRUE"&gt;10&lt;/attwidth&gt;&lt;atprecis Sync="TRUE"&gt;10&lt;/atprecis&gt;&lt;attscale Sync="TRUE"&gt;0&lt;/attscale&gt;&lt;/attr&gt;&lt;attr&gt;&lt;attrlabl Sync="TRUE"&gt;VIV_ADOBE&lt;/attrlabl&gt;&lt;attalias Sync="TRUE"&gt;VIV_ADOBE&lt;/attalias&gt;&lt;attrtype Sync="TRUE"&gt;Integer&lt;/attrtype&gt;&lt;attwidth Sync="TRUE"&gt;10&lt;/attwidth&gt;&lt;atprecis Sync="TRUE"&gt;10&lt;/atprecis&gt;&lt;attscale Sync="TRUE"&gt;0&lt;/attscale&gt;&lt;/attr&gt;&lt;attr&gt;&lt;attrlabl Sync="TRUE"&gt;VIV_PARED_&lt;/attrlabl&gt;&lt;attalias Sync="TRUE"&gt;VIV_PARED_&lt;/attalias&gt;&lt;attrtype Sync="TRUE"&gt;Integer&lt;/attrtype&gt;&lt;attwidth Sync="TRUE"&gt;10&lt;/attwidth&gt;&lt;atprecis Sync="TRUE"&gt;10&lt;/atprecis&gt;&lt;attscale Sync="TRUE"&gt;0&lt;/attscale&gt;&lt;/attr&gt;&lt;attr&gt;&lt;attrlabl Sync="TRUE"&gt;VIV_TEJAS_&lt;/attrlabl&gt;&lt;attalias Sync="TRUE"&gt;VIV_TEJAS_&lt;/attalias&gt;&lt;attrtype Sync="TRUE"&gt;Integer&lt;/attrtype&gt;&lt;attwidth Sync="TRUE"&gt;10&lt;/attwidth&gt;&lt;atprecis Sync="TRUE"&gt;10&lt;/atprecis&gt;&lt;attscale Sync="TRUE"&gt;0&lt;/attscale&gt;&lt;/attr&gt;&lt;attr&gt;&lt;attrlabl Sync="TRUE"&gt;VIV_LOSA_H&lt;/attrlabl&gt;&lt;attalias Sync="TRUE"&gt;VIV_LOSA_H&lt;/attalias&gt;&lt;attrtype Sync="TRUE"&gt;Integer&lt;/attrtype&gt;&lt;attwidth Sync="TRUE"&gt;10&lt;/attwidth&gt;&lt;atprecis Sync="TRUE"&gt;10&lt;/atprecis&gt;&lt;attscale Sync="TRUE"&gt;0&lt;/attscale&gt;&lt;/attr&gt;&lt;attr&gt;&lt;attrlabl Sync="TRUE"&gt;VIV_PLANCH&lt;/attrlabl&gt;&lt;attalias Sync="TRUE"&gt;VIV_PLANCH&lt;/attalias&gt;&lt;attrtype Sync="TRUE"&gt;Integer&lt;/attrtype&gt;&lt;attwidth Sync="TRUE"&gt;10&lt;/attwidth&gt;&lt;atprecis Sync="TRUE"&gt;10&lt;/atprecis&gt;&lt;attscale Sync="TRUE"&gt;0&lt;/attscale&gt;&lt;/attr&gt;&lt;attr&gt;&lt;attrlabl Sync="TRUE"&gt;VIV_FONOLI&lt;/attrlabl&gt;&lt;attalias Sync="TRUE"&gt;VIV_FONOLI&lt;/attalias&gt;&lt;attrtype Sync="TRUE"&gt;Integer&lt;/attrtype&gt;&lt;attwidth Sync="TRUE"&gt;10&lt;/attwidth&gt;&lt;atprecis Sync="TRUE"&gt;10&lt;/atprecis&gt;&lt;attscale Sync="TRUE"&gt;0&lt;/attscale&gt;&lt;/attr&gt;&lt;attr&gt;&lt;attrlabl Sync="TRUE"&gt;VIV_PAJA&lt;/attrlabl&gt;&lt;attalias Sync="TRUE"&gt;VIV_PAJA&lt;/attalias&gt;&lt;attrtype Sync="TRUE"&gt;Integer&lt;/attrtype&gt;&lt;attwidth Sync="TRUE"&gt;10&lt;/attwidth&gt;&lt;atprecis Sync="TRUE"&gt;10&lt;/atprecis&gt;&lt;attscale Sync="TRUE"&gt;0&lt;/attscale&gt;&lt;/attr&gt;&lt;attr&gt;&lt;attrlabl Sync="TRUE"&gt;VIV_TECHO_&lt;/attrlabl&gt;&lt;attalias Sync="TRUE"&gt;VIV_TECHO_&lt;/attalias&gt;&lt;attrtype Sync="TRUE"&gt;Integer&lt;/attrtype&gt;&lt;attwidth Sync="TRUE"&gt;10&lt;/attwidth&gt;&lt;atprecis Sync="TRUE"&gt;10&lt;/atprecis&gt;&lt;attscale Sync="TRUE"&gt;0&lt;/attscale&gt;&lt;/attr&gt;&lt;attr&gt;&lt;attrlabl Sync="TRUE"&gt;VIV_SIN_TE&lt;/attrlabl&gt;&lt;attalias Sync="TRUE"&gt;VIV_SIN_TE&lt;/attalias&gt;&lt;attrtype Sync="TRUE"&gt;Integer&lt;/attrtype&gt;&lt;attwidth Sync="TRUE"&gt;10&lt;/attwidth&gt;&lt;atprecis Sync="TRUE"&gt;10&lt;/atprecis&gt;&lt;attscale Sync="TRUE"&gt;0&lt;/attscale&gt;&lt;/attr&gt;&lt;attr&gt;&lt;attrlabl Sync="TRUE"&gt;VIV_PARQUE&lt;/attrlabl&gt;&lt;attalias Sync="TRUE"&gt;VIV_PARQUE&lt;/attalias&gt;&lt;attrtype Sync="TRUE"&gt;Integer&lt;/attrtype&gt;&lt;attwidth Sync="TRUE"&gt;10&lt;/attwidth&gt;&lt;atprecis Sync="TRUE"&gt;10&lt;/atprecis&gt;&lt;attscale Sync="TRUE"&gt;0&lt;/attscale&gt;&lt;/attr&gt;&lt;attr&gt;&lt;attrlabl Sync="TRUE"&gt;VIV_RADIER&lt;/attrlabl&gt;&lt;attalias Sync="TRUE"&gt;VIV_RADIER&lt;/attalias&gt;&lt;attrtype Sync="TRUE"&gt;Integer&lt;/attrtype&gt;&lt;attwidth Sync="TRUE"&gt;10&lt;/attwidth&gt;&lt;atprecis Sync="TRUE"&gt;10&lt;/atprecis&gt;&lt;attscale Sync="TRUE"&gt;0&lt;/attscale&gt;&lt;/attr&gt;&lt;attr&gt;&lt;attrlabl Sync="TRUE"&gt;VIV_BALDOS&lt;/attrlabl&gt;&lt;attalias Sync="TRUE"&gt;VIV_BALDOS&lt;/attalias&gt;&lt;attrtype Sync="TRUE"&gt;Integer&lt;/attrtype&gt;&lt;attwidth Sync="TRUE"&gt;10&lt;/attwidth&gt;&lt;atprecis Sync="TRUE"&gt;10&lt;/atprecis&gt;&lt;attscale Sync="TRUE"&gt;0&lt;/attscale&gt;&lt;/attr&gt;&lt;attr&gt;&lt;attrlabl Sync="TRUE"&gt;VIV_CAPA_C&lt;/attrlabl&gt;&lt;attalias Sync="TRUE"&gt;VIV_CAPA_C&lt;/attalias&gt;&lt;attrtype Sync="TRUE"&gt;Integer&lt;/attrtype&gt;&lt;attwidth Sync="TRUE"&gt;10&lt;/attwidth&gt;&lt;atprecis Sync="TRUE"&gt;10&lt;/atprecis&gt;&lt;attscale Sync="TRUE"&gt;0&lt;/attscale&gt;&lt;/attr&gt;&lt;attr&gt;&lt;attrlabl Sync="TRUE"&gt;VIV_PISO_T&lt;/attrlabl&gt;&lt;attalias Sync="TRUE"&gt;VIV_PISO_T&lt;/attalias&gt;&lt;attrtype Sync="TRUE"&gt;Integer&lt;/attrtype&gt;&lt;attwidth Sync="TRUE"&gt;10&lt;/attwidth&gt;&lt;atprecis Sync="TRUE"&gt;10&lt;/atprecis&gt;&lt;attscale Sync="TRUE"&gt;0&lt;/attscale&gt;&lt;/attr&gt;&lt;attr&gt;&lt;attrlabl Sync="TRUE"&gt;IND_MAT_AC&lt;/attrlabl&gt;&lt;attalias Sync="TRUE"&gt;IND_MAT_AC&lt;/attalias&gt;&lt;attrtype Sync="TRUE"&gt;Integer&lt;/attrtype&gt;&lt;attwidth Sync="TRUE"&gt;10&lt;/attwidth&gt;&lt;atprecis Sync="TRUE"&gt;10&lt;/atprecis&gt;&lt;attscale Sync="TRUE"&gt;0&lt;/attscale&gt;&lt;/attr&gt;&lt;attr&gt;&lt;attrlabl Sync="TRUE"&gt;IND_MAT_RE&lt;/attrlabl&gt;&lt;attalias Sync="TRUE"&gt;IND_MAT_RE&lt;/attalias&gt;&lt;attrtype Sync="TRUE"&gt;Integer&lt;/attrtype&gt;&lt;attwidth Sync="TRUE"&gt;10&lt;/attwidth&gt;&lt;atprecis Sync="TRUE"&gt;10&lt;/atprecis&gt;&lt;attscale Sync="TRUE"&gt;0&lt;/attscale&gt;&lt;/attr&gt;&lt;attr&gt;&lt;attrlabl Sync="TRUE"&gt;IND_MAT_IR&lt;/attrlabl&gt;&lt;attalias Sync="TRUE"&gt;IND_MAT_IR&lt;/attalias&gt;&lt;attrtype Sync="TRUE"&gt;Integer&lt;/attrtype&gt;&lt;attwidth Sync="TRUE"&gt;10&lt;/attwidth&gt;&lt;atprecis Sync="TRUE"&gt;10&lt;/atprecis&gt;&lt;attscale Sync="TRUE"&gt;0&lt;/attscale&gt;&lt;/attr&gt;&lt;attr&gt;&lt;attrlabl Sync="TRUE"&gt;VIV_AGUA_R&lt;/attrlabl&gt;&lt;attalias Sync="TRUE"&gt;VIV_AGUA_R&lt;/attalias&gt;&lt;attrtype Sync="TRUE"&gt;Integer&lt;/attrtype&gt;&lt;attwidth Sync="TRUE"&gt;10&lt;/attwidth&gt;&lt;atprecis Sync="TRUE"&gt;10&lt;/atprecis&gt;&lt;attscale Sync="TRUE"&gt;0&lt;/attscale&gt;&lt;/attr&gt;&lt;attr&gt;&lt;attrlabl Sync="TRUE"&gt;VIV_AGUA_P&lt;/attrlabl&gt;&lt;attalias Sync="TRUE"&gt;VIV_AGUA_P&lt;/attalias&gt;&lt;attrtype Sync="TRUE"&gt;Integer&lt;/attrtype&gt;&lt;attwidth Sync="TRUE"&gt;10&lt;/attwidth&gt;&lt;atprecis Sync="TRUE"&gt;10&lt;/atprecis&gt;&lt;attscale Sync="TRUE"&gt;0&lt;/attscale&gt;&lt;/attr&gt;&lt;attr&gt;&lt;attrlabl Sync="TRUE"&gt;VIV_AGUA_C&lt;/attrlabl&gt;&lt;attalias Sync="TRUE"&gt;VIV_AGUA_C&lt;/attalias&gt;&lt;attrtype Sync="TRUE"&gt;Integer&lt;/attrtype&gt;&lt;attwidth Sync="TRUE"&gt;10&lt;/attwidth&gt;&lt;atprecis Sync="TRUE"&gt;10&lt;/atprecis&gt;&lt;attscale Sync="TRUE"&gt;0&lt;/attscale&gt;&lt;/attr&gt;&lt;attr&gt;&lt;attrlabl Sync="TRUE"&gt;VIV_AGUA_1&lt;/attrlabl&gt;&lt;attalias Sync="TRUE"&gt;VIV_AGUA_1&lt;/attalias&gt;&lt;attrtype Sync="TRUE"&gt;Integer&lt;/attrtype&gt;&lt;attwidth Sync="TRUE"&gt;10&lt;/attwidth&gt;&lt;atprecis Sync="TRUE"&gt;10&lt;/atprecis&gt;&lt;attscale Sync="TRUE"&gt;0&lt;/attscale&gt;&lt;/attr&gt;&lt;/detailed&gt;&lt;/eainfo&gt;&lt;mdDateSt Sync="TRUE"&gt;20180904&lt;/mdDateSt&gt;&lt;/metadata&gt;
</XmlDoc></Metadata><DatasetType>esriDTFeatureClass</DatasetType><DSID>3</DSID><Versioned>false</Versioned><CanVersion>false</CanVersion><ConfigurationKeyword></ConfigurationKeyword><HasOID>true</HasOID><OIDFieldName>FID</OIDFieldName><Fields xsi:type="esri:Fields"><FieldArray xsi:type="esri:ArrayOfField"><Field xsi:type="esri:Field"><Name>FID</Name><Type>esriFieldTypeOID</Type><IsNullable>false</IsNullable><Length>4</Length><Precision>0</Precision><Scale>0</Scale><Required>true</Required><Editable>false</Editable><DomainFixed>true</DomainFixed><ModelName>FID</ModelName></Field><Field xsi:type="esri:Field"><Name>SHAPE</Name><Type>esriFieldTypeGeometry</Type><IsNullable>true</IsNullable><Length>0</Length><Precision>0</Precision><Scale>0</Scale><Required>true</Required><DomainFixed>true</DomainFixed><GeometryDef xsi:type="esri:GeometryDef"><AvgNumPoints>0</AvgNumPoints><GeometryType>esriGeometryPolygon</GeometryType><HasM>false</HasM><HasZ>false</HasZ><SpatialReference xsi:type="esri:ProjectedCoordinateSystem"><WKT>PROJCS["WGS_1984_Web_Mercator_Auxiliary_Sphere",GEOGCS["GCS_WGS_1984",DATUM["D_WGS_1984",SPHEROID["WGS_1984",6378137.0,298.257223563]],PRIMEM["Greenwich",0.0],UNIT["Degree",0.0174532925199433]],PROJECTION["Mercator_Auxiliary_Sphere"],PARAMETER["False_Easting",0.0],PARAMETER["False_Northing",0.0],PARAMETER["Central_Meridian",0.0],PARAMETER["Standard_Parallel_1",0.0],PARAMETER["Auxiliary_Sphere_Type",0.0],UNIT["Meter",1.0],AUTHORITY["EPSG",3857]]</WKT><XOrigin>-20037700</XOrigin><YOrigin>-30241100</YOrigin><XYScale>10000</XYScale><ZOrigin>-100000</ZOrigin><ZScale>10000</ZScale><MOrigin>-100000</MOrigin><MScale>10000</MScale><XYTolerance>0.001</XYTolerance><ZTolerance>0.001</ZTolerance><MTolerance>0.001</MTolerance><HighPrecision>true</HighPrecision><WKID>102100</WKID><LatestWKID>3857</LatestWKID></SpatialReference><GridSize0>970</GridSize0></GeometryDef><ModelName>SHAPE</ModelName></Field><Field xsi:type="esri:Field"><Name>CUT</Name><Type>esriFieldTypeInteger</Type><IsNullable>true</IsNullable><Length>4</Length><Precision>0</Precision><Scale>0</Scale><AliasName>CUT</AliasName><ModelName>CUT</ModelName></Field><Field xsi:type="esri:Field"><Name>REGION</Name><Type>esriFieldTypeString</Type><IsNullable>true</IsNullable><Length>55</Length><Precision>0</Precision><Scale>0</Scale><AliasName>REGION</AliasName><ModelName>REGION</ModelName></Field><Field xsi:type="esri:Field"><Name>PROVINCIA</Name><Type>esriFieldTypeString</Type><IsNullable>true</IsNullable><Length>50</Length><Precision>0</Precision><Scale>0</Scale><AliasName>PROVINCIA</AliasName><ModelName>PROVINCIA</ModelName></Field><Field xsi:type="esri:Field"><Name>COMUNA</Name><Type>esriFieldTypeString</Type><IsNullable>true</IsNullable><Length>22</Length><Precision>0</Precision><Scale>0</Scale><AliasName>COMUNA</AliasName><ModelName>COMUNA</ModelName></Field><Field xsi:type="esri:Field"><Name>NOMBRE_DISTRITO</Name><Type>esriFieldTypeString</Type><IsNullable>true</IsNullable><Length>256</Length><Precision>0</Precision><Scale>0</Scale><AliasName>NOMBRE DISTRITO</AliasName><ModelName>NOMBRE_DISTRITO</ModelName></Field><Field xsi:type="esri:Field"><Name>CODIGO_DISTRITO</Name><Type>esriFieldTypeInteger</Type><IsNullable>true</IsNullable><Length>4</Length><Precision>0</Precision><Scale>0</Scale><AliasName>DISTRITO CENSAL</AliasName><ModelName>CODIGO_DISTRITO</ModelName></Field><Field xsi:type="esri:Field"><Name>MANZENT</Name><Type>esriFieldTypeDouble</Type><IsNullable>true</IsNullable><Length>8</Length><Precision>0</Precision><Scale>0</Scale><AliasName>MANZENT</AliasName><ModelName>MANZENT</ModelName></Field><Field xsi:type="esri:Field"><Name>ZONA_CENSAL</Name><Type>esriFieldTypeInteger</Type><IsNullable>true</IsNullable><Length>4</Length><Precision>0</Precision><Scale>0</Scale><AliasName>ZONA CENSAL</AliasName><ModelName>ZONA_CENSAL</ModelName></Field><Field xsi:type="esri:Field"><Name>MANZANA</Name><Type>esriFieldTypeInteger</Type><IsNullable>true</IsNullable><Length>4</Length><Precision>0</Precision><Scale>0</Scale><AliasName>MANZANA</AliasName><ModelName>MANZANA</ModelName></Field><Field xsi:type="esri:Field"><Name>TOTAL_PERSONAS</Name><Type>esriFieldTypeInteger</Type><IsNullable>true</IsNullable><Length>4</Length><Precision>0</Precision><Scale>0</Scale><AliasName>Número total de personas</AliasName><ModelName>TOTAL_PERSONAS</ModelName></Field><Field xsi:type="esri:Field"><Name>TOTAL_HOMBRES</Name><Type>esriFieldTypeString</Type><IsNullable>true</IsNullable><Length>256</Length><Precision>0</Precision><Scale>0</Scale><AliasName>Total de Hombres</AliasName><ModelName>TOTAL_HOMBRES</ModelName></Field><Field xsi:type="esri:Field"><Name>TOTAL_MUJERES</Name><Type>esriFieldTypeString</Type><IsNullable>true</IsNullable><Length>256</Length><Precision>0</Precision><Scale>0</Scale><AliasName>Total de Mujeres</AliasName><ModelName>TOTAL_MUJERES</ModelName></Field><Field xsi:type="esri:Field"><Name>PERSONAS_0_A_5_AÑOS</Name><Type>esriFieldTypeString</Type><IsNullable>true</IsNullable><Length>256</Length><Precision>0</Precision><Scale>0</Scale><AliasName>Total de personas de 0 a 5 años</AliasName><ModelName>PERSONAS_0_A_5_AÑOS</ModelName></Field><Field xsi:type="esri:Field"><Name>PERSONAS_6_A_14_AÑOS</Name><Type>esriFieldTypeString</Type><IsNullable>true</IsNullable><Length>256</Length><Precision>0</Precision><Scale>0</Scale><AliasName>Total de personas de 6 a 14 años</AliasName><ModelName>PERSONAS_6_A_14_AÑOS</ModelName></Field><Field xsi:type="esri:Field"><Name>PERSONAS_15_A_64_AÑOS</Name><Type>esriFieldTypeString</Type><IsNullable>true</IsNullable><Length>256</Length><Precision>0</Precision><Scale>0</Scale><AliasName>Total de personas de 15 a 64 años</AliasName><ModelName>PERSONAS_15_A_64_AÑOS</ModelName></Field><Field xsi:type="esri:Field"><Name>PERSONAS_MAS_65_AÑOS</Name><Type>esriFieldTypeString</Type><IsNullable>true</IsNullable><Length>256</Length><Precision>0</Precision><Scale>0</Scale><AliasName>Total de personas de 65 y más años</AliasName><ModelName>PERSONAS_MAS_65_AÑOS</ModelName></Field><Field xsi:type="esri:Field"><Name>PERSONAS_EMIGRANTES</Name><Type>esriFieldTypeString</Type><IsNullable>true</IsNullable><Length>256</Length><Precision>0</Precision><Scale>0</Scale><AliasName>Total personas migrantes que residen habitualmente en el territorio nacional</AliasName><ModelName>PERSONAS_EMIGRANTES</ModelName></Field><Field xsi:type="esri:Field"><Name>PUEBLOS_INDIGENA_ORIGINARIO</Name><Type>esriFieldTypeString</Type><IsNullable>true</IsNullable><Length>256</Length><Precision>0</Precision><Scale>0</Scale><AliasName>Total personas que se consideran pertenecientes a algún pueblo indígena u originario</AliasName><ModelName>PUEBLOS_INDIGENA_ORIGINARIO</ModelName></Field><Field xsi:type="esri:Field"><Name>TOTAL_VIV_PARTICULARES</Name><Type>esriFieldTypeInteger</Type><IsNullable>true</IsNullable><Length>4</Length><Precision>0</Precision><Scale>0</Scale><AliasName>Total de viviendas particulares</AliasName><ModelName>TOTAL_VIV_PARTICULARES</ModelName></Field><Field xsi:type="esri:Field"><Name>TOTAL_VIV_COLECTIVAS</Name><Type>esriFieldTypeInteger</Type><IsNullable>true</IsNullable><Length>4</Length><Precision>0</Precision><Scale>0</Scale><AliasName>Total viviendas colectivas</AliasName><ModelName>TOTAL_VIV_COLECTIVAS</ModelName></Field><Field xsi:type="esri:Field"><Name>VIV_OCUPA_MORADOR_PRESENTE</Name><Type>esriFieldTypeInteger</Type><IsNullable>true</IsNullable><Length>4</Length><Precision>0</Precision><Scale>0</Scale><AliasName>Total viviendas ocupadas con moradores presentes</AliasName><ModelName>VIV_OCUPA_MORADOR_PRESENTE</ModelName></Field><Field xsi:type="esri:Field"><Name>TOTAL_VIVIENDAS</Name><Type>esriFieldTypeInteger</Type><IsNullable>true</IsNullable><Length>4</Length><Precision>0</Precision><Scale>0</Scale><AliasName>Total viviendas</AliasName><ModelName>TOTAL_VIVIENDAS</ModelName></Field><Field xsi:type="esri:Field"><Name>CANTIDAD_HOGARES</Name><Type>esriFieldTypeInteger</Type><IsNullable>true</IsNullable><Length>4</Length><Precision>0</Precision><Scale>0</Scale><AliasName>Cantidad de hogares</AliasName><ModelName>CANTIDAD_HOGARES</ModelName></Field><Field xsi:type="esri:Field"><Name>VIV_TIPO_CASA</Name><Type>esriFieldTypeInteger</Type><IsNullable>true</IsNullable><Length>4</Length><Precision>0</Precision><Scale>0</Scale><AliasName>Cantidad de viviendas tipo casa</AliasName><ModelName>VIV_TIPO_CASA</ModelName></Field><Field xsi:type="esri:Field"><Name>VIV_TIPO_DEPTO</Name><Type>esriFieldTypeInteger</Type><IsNullable>true</IsNullable><Length>4</Length><Precision>0</Precision><Scale>0</Scale><AliasName>Cantidad de viviendas tipo departamento en edificio</AliasName><ModelName>VIV_TIPO_DEPTO</ModelName></Field><Field xsi:type="esri:Field"><Name>VIV_TIPO_TRAD_INDIGENA</Name><Type>esriFieldTypeInteger</Type><IsNullable>true</IsNullable><Length>4</Length><Precision>0</Precision><Scale>0</Scale><AliasName>Cantidad de viviendas tipo vivienda tradicional indígena (ruka- pae pae u otras)</AliasName><ModelName>VIV_TIPO_TRAD_INDIGENA</ModelName></Field><Field xsi:type="esri:Field"><Name>VIV_TIPO_PIEZA</Name><Type>esriFieldTypeInteger</Type><IsNullable>true</IsNullable><Length>4</Length><Precision>0</Precision><Scale>0</Scale><AliasName>Cantidad de viviendas tipo pieza en casa antigua o en conventillo</AliasName><ModelName>VIV_TIPO_PIEZA</ModelName></Field><Field xsi:type="esri:Field"><Name>VIV_TIPO_MEDIAGUA</Name><Type>esriFieldTypeInteger</Type><IsNullable>true</IsNullable><Length>4</Length><Precision>0</Precision><Scale>0</Scale><AliasName>Cantidad de viviendas tipo mediagua-mejora-rancho o choza</AliasName><ModelName>VIV_TIPO_MEDIAGUA</ModelName></Field><Field xsi:type="esri:Field"><Name>VIV_TIPO_MOVIL</Name><Type>esriFieldTypeInteger</Type><IsNullable>true</IsNullable><Length>4</Length><Precision>0</Precision><Scale>0</Scale><AliasName>Cantidad de viviendas tipo móvil (carpa-casa rodante o similar)</AliasName><ModelName>VIV_TIPO_MOVIL</ModelName></Field><Field xsi:type="esri:Field"><Name>VIV_TIPO_OTRO_TIPO</Name><Type>esriFieldTypeInteger</Type><IsNullable>true</IsNullable><Length>4</Length><Precision>0</Precision><Scale>0</Scale><AliasName>Cantidad de viviendas tipo otro tipo de vivienda particular</AliasName><ModelName>VIV_TIPO_OTRO_TIPO</ModelName></Field><Field xsi:type="esri:Field"><Name>VIV_PARED_HORMIGON_ARMADO</Name><Type>esriFieldTypeInteger</Type><IsNullable>true</IsNullable><Length>4</Length><Precision>0</Precision><Scale>0</Scale><AliasName>Cantidad de viviendas con materialidad en paredes de Hormigón armado</AliasName><ModelName>VIV_PARED_HORMIGON_ARMADO</ModelName></Field><Field xsi:type="esri:Field"><Name>VIV_PARED_ALBAÑILERIA</Name><Type>esriFieldTypeInteger</Type><IsNullable>true</IsNullable><Length>4</Length><Precision>0</Precision><Scale>0</Scale><AliasName>Cantidad de viviendas con materialidad en paredes de albañilería: bloque de cemento-piedra o ladrillo</AliasName><ModelName>VIV_PARED_ALBAÑILERIA</ModelName></Field><Field xsi:type="esri:Field"><Name>VIV_PARED_TABIQUE_FORRADO</Name><Type>esriFieldTypeInteger</Type><IsNullable>true</IsNullable><Length>4</Length><Precision>0</Precision><Scale>0</Scale><AliasName>Cantidad de viviendas con materialidad en paredes de tabique forrado por ambas caras (madera o acero)</AliasName><ModelName>VIV_PARED_TABIQUE_FORRADO</ModelName></Field><Field xsi:type="esri:Field"><Name>VIV_PARED_TABIQUE_SIN_FORRO</Name><Type>esriFieldTypeInteger</Type><IsNullable>true</IsNullable><Length>4</Length><Precision>0</Precision><Scale>0</Scale><AliasName>Cantidad de viviendas con materialidad en paredes de tabique sin forro interior (madera u otro)</AliasName><ModelName>VIV_PARED_TABIQUE_SIN_FORRO</ModelName></Field><Field xsi:type="esri:Field"><Name>VIV_PARED_ADOBE_BARRO</Name><Type>esriFieldTypeInteger</Type><IsNullable>true</IsNullable><Length>4</Length><Precision>0</Precision><Scale>0</Scale><AliasName>Cantidad de viviendas con materialidad en paredes de adobe-barro-quincha-pirca u otro artesanal tradicional</AliasName><ModelName>VIV_PARED_ADOBE_BARRO</ModelName></Field><Field xsi:type="esri:Field"><Name>VIV_PARED_MATERIAL_PRECARIO</Name><Type>esriFieldTypeInteger</Type><IsNullable>true</IsNullable><Length>4</Length><Precision>0</Precision><Scale>0</Scale><AliasName>Cantidad de viviendas con materialidad en paredes de materiales precarios (lata-cartón-plástico-etc.)</AliasName><ModelName>VIV_PARED_MATERIAL_PRECARIO</ModelName></Field><Field xsi:type="esri:Field"><Name>VIV_TECHO_TEJAS</Name><Type>esriFieldTypeInteger</Type><IsNullable>true</IsNullable><Length>4</Length><Precision>0</Precision><Scale>0</Scale><AliasName>Cantidad de viviendas con materialidad de techo tejas o tejuelas de arcilla-metálicas de cemento de madera-asfálticas o plásticas</AliasName><ModelName>VIV_TECHO_TEJAS</ModelName></Field><Field xsi:type="esri:Field"><Name>VIV_TECHO_LOSA_HORMIGON</Name><Type>esriFieldTypeInteger</Type><IsNullable>true</IsNullable><Length>4</Length><Precision>0</Precision><Scale>0</Scale><AliasName>Cantidad de viviendas con materialidad de techo losa hormigón</AliasName><ModelName>VIV_TECHO_LOSA_HORMIGON</ModelName></Field><Field xsi:type="esri:Field"><Name>VIV_TECHO_PLANCHAS</Name><Type>esriFieldTypeInteger</Type><IsNullable>true</IsNullable><Length>4</Length><Precision>0</Precision><Scale>0</Scale><AliasName>Cantidad de viviendas con materialidad de techo planchas metálicas de zinc-cobre-etc. O fibrocemento (tipo pizarreño)</AliasName><ModelName>VIV_TECHO_PLANCHAS</ModelName></Field><Field xsi:type="esri:Field"><Name>VIV_TECHO_FONOLITA</Name><Type>esriFieldTypeInteger</Type><IsNullable>true</IsNullable><Length>4</Length><Precision>0</Precision><Scale>0</Scale><AliasName>Cantidad de viviendas con materialidad de techo fonolita o plancha de fieltro embreado</AliasName><ModelName>VIV_TECHO_FONOLITA</ModelName></Field><Field xsi:type="esri:Field"><Name>VIV_TECHO_PAJA</Name><Type>esriFieldTypeInteger</Type><IsNullable>true</IsNullable><Length>4</Length><Precision>0</Precision><Scale>0</Scale><AliasName>Cantidad de viviendas con materialidad de techo paja-coirón-totora o caña</AliasName><ModelName>VIV_TECHO_PAJA</ModelName></Field><Field xsi:type="esri:Field"><Name>VIV_TECHO_MAT_PRECARIOS</Name><Type>esriFieldTypeInteger</Type><IsNullable>true</IsNullable><Length>4</Length><Precision>0</Precision><Scale>0</Scale><AliasName>Cantidad de viviendas con materialidad de techo materiales precarios (lata-cartón-plástico-etc.)</AliasName><ModelName>VIV_TECHO_MAT_PRECARIOS</ModelName></Field><Field xsi:type="esri:Field"><Name>VIV_TECHO_SIN_CUBIERTA_SOLIDA</Name><Type>esriFieldTypeInteger</Type><IsNullable>true</IsNullable><Length>4</Length><Precision>0</Precision><Scale>0</Scale><AliasName>Cantidad de viviendas con materialidad de techo sin cubierta sólida de techo</AliasName><ModelName>VIV_TECHO_SIN_CUBIERTA_SOLIDA</ModelName></Field><Field xsi:type="esri:Field"><Name>VIV_PISO_PARQUET_FLOTANTE</Name><Type>esriFieldTypeInteger</Type><IsNullable>true</IsNullable><Length>4</Length><Precision>0</Precision><Scale>0</Scale><AliasName>Cantidad de viviendas con materialidad de piso parquet-piso flotante-cerámico-madera-alfombra-flexit-cubrepiso u otro similar-sobre radier o vigas de madera</AliasName><ModelName>VIV_PISO_PARQUET_FLOTANTE</ModelName></Field><Field xsi:type="esri:Field"><Name>VIV_PISO_RADIER</Name><Type>esriFieldTypeInteger</Type><IsNullable>true</IsNullable><Length>4</Length><Precision>0</Precision><Scale>0</Scale><AliasName>Viviendas con materialidad de piso radier sin revestimiento</AliasName><ModelName>VIV_PISO_RADIER</ModelName></Field><Field xsi:type="esri:Field"><Name>VIV_PISO_BALDOSA</Name><Type>esriFieldTypeInteger</Type><IsNullable>true</IsNullable><Length>4</Length><Precision>0</Precision><Scale>0</Scale><AliasName>Viviendas con materialidad de piso baldosa de cemento</AliasName><ModelName>VIV_PISO_BALDOSA</ModelName></Field><Field xsi:type="esri:Field"><Name>VIV_PISO_CAPA_CEMENTO</Name><Type>esriFieldTypeInteger</Type><IsNullable>true</IsNullable><Length>4</Length><Precision>0</Precision><Scale>0</Scale><AliasName>Viviendas con materialidad de piso capa de cemento sobre tierra</AliasName><ModelName>VIV_PISO_CAPA_CEMENTO</ModelName></Field><Field xsi:type="esri:Field"><Name>VIV_PISO_TIERRA</Name><Type>esriFieldTypeInteger</Type><IsNullable>true</IsNullable><Length>4</Length><Precision>0</Precision><Scale>0</Scale><AliasName>Viviendas con materialidad de piso tierra</AliasName><ModelName>VIV_PISO_TIERRA</ModelName></Field><Field xsi:type="esri:Field"><Name>VIV_MATERIAL_ACEPTABLE</Name><Type>esriFieldTypeInteger</Type><IsNullable>true</IsNullable><Length>4</Length><Precision>0</Precision><Scale>0</Scale><AliasName>Total viviendas con materialidad aceptable</AliasName><ModelName>VIV_MATERIAL_ACEPTABLE</ModelName></Field><Field xsi:type="esri:Field"><Name>VIV_MATERIAL_RECUPERABLE</Name><Type>esriFieldTypeInteger</Type><IsNullable>true</IsNullable><Length>4</Length><Precision>0</Precision><Scale>0</Scale><AliasName>Total viviendas con materialidad recuperable</AliasName><ModelName>VIV_MATERIAL_RECUPERABLE</ModelName></Field><Field xsi:type="esri:Field"><Name>VIV_MATERIAL_IRRECUPERABLE</Name><Type>esriFieldTypeInteger</Type><IsNullable>true</IsNullable><Length>4</Length><Precision>0</Precision><Scale>0</Scale><AliasName>Total viviendas con materialidad irrecuperable</AliasName><ModelName>VIV_MATERIAL_IRRECUPERABLE</ModelName></Field><Field xsi:type="esri:Field"><Name>VIV_AGUA_RED_PUBLICA</Name><Type>esriFieldTypeInteger</Type><IsNullable>true</IsNullable><Length>4</Length><Precision>0</Precision><Scale>0</Scale><AliasName>Cantidad de viviendas con origen del agua por red pública</AliasName><ModelName>VIV_AGUA_RED_PUBLICA</ModelName></Field><Field xsi:type="esri:Field"><Name>VIV_AGUA_POZO_NORIA</Name><Type>esriFieldTypeInteger</Type><IsNullable>true</IsNullable><Length>4</Length><Precision>0</Precision><Scale>0</Scale><AliasName>Cantidad de viviendas con origen del agua por pozo o noria</AliasName><ModelName>VIV_AGUA_POZO_NORIA</ModelName></Field><Field xsi:type="esri:Field"><Name>VIV_AGUA_CAMION_ALJIBE</Name><Type>esriFieldTypeInteger</Type><IsNullable>true</IsNullable><Length>4</Length><Precision>0</Precision><Scale>0</Scale><AliasName>Cantidad de viviendas con origen del agua por camión aljibe</AliasName><ModelName>VIV_AGUA_CAMION_ALJIBE</ModelName></Field><Field xsi:type="esri:Field"><Name>VIV_AGUA_RIO_VERTIENTE</Name><Type>esriFieldTypeInteger</Type><IsNullable>true</IsNullable><Length>4</Length><Precision>0</Precision><Scale>0</Scale><AliasName>Cantidad de viviendas con origen del agua por río, vertiente, estero, canal, lago, etc.</AliasName><ModelName>VIV_AGUA_RIO_VERTIENTE</ModelName></Field><Field xsi:type="esri:Field"><Name>SHAPE_Length</Name><Type>esriFieldTypeDouble</Type><IsNullable>true</IsNullable><Length>8</Length><Precision>0</Precision><Scale>0</Scale><Required>true</Required><Editable>false</Editable><ModelName>SHAPE_Length</ModelName></Field><Field xsi:type="esri:Field"><Name>SHAPE_Area</Name><Type>esriFieldTypeDouble</Type><IsNullable>true</IsNullable><Length>8</Length><Precision>0</Precision><Scale>0</Scale><Required>true</Required><Editable>false</Editable><ModelName>SHAPE_Area</ModelName></Field></FieldArray></Fields><Indexes xsi:type="esri:Indexes"><IndexArray xsi:type="esri:ArrayOfIndex"><Index xsi:type="esri:Index"><Name>FDO_FID</Name><IsUnique>true</IsUnique><IsAscending>true</IsAscending><Fields xsi:type="esri:Fields"><FieldArray xsi:type="esri:ArrayOfField"><Field xsi:type="esri:Field"><Name>FID</Name><Type>esriFieldTypeOID</Type><IsNullable>false</IsNullable><Length>4</Length><Precision>0</Precision><Scale>0</Scale><Required>true</Required><Editable>false</Editable><DomainFixed>true</DomainFixed><ModelName>FID</ModelName></Field></FieldArray></Fields></Index><Index xsi:type="esri:Index"><Name>FDO_SHAPE</Name><IsUnique>false</IsUnique><IsAscending>true</IsAscending><Fields xsi:type="esri:Fields"><FieldArray xsi:type="esri:ArrayOfField"><Field xsi:type="esri:Field"><Name>SHAPE</Name><Type>esriFieldTypeGeometry</Type><IsNullable>true</IsNullable><Length>0</Length><Precision>0</Precision><Scale>0</Scale><Required>true</Required><DomainFixed>true</DomainFixed><GeometryDef xsi:type="esri:GeometryDef"><AvgNumPoints>0</AvgNumPoints><GeometryType>esriGeometryPolygon</GeometryType><HasM>false</HasM><HasZ>false</HasZ><SpatialReference xsi:type="esri:ProjectedCoordinateSystem"><WKT>PROJCS["WGS_1984_Web_Mercator_Auxiliary_Sphere",GEOGCS["GCS_WGS_1984",DATUM["D_WGS_1984",SPHEROID["WGS_1984",6378137.0,298.257223563]],PRIMEM["Greenwich",0.0],UNIT["Degree",0.0174532925199433]],PROJECTION["Mercator_Auxiliary_Sphere"],PARAMETER["False_Easting",0.0],PARAMETER["False_Northing",0.0],PARAMETER["Central_Meridian",0.0],PARAMETER["Standard_Parallel_1",0.0],PARAMETER["Auxiliary_Sphere_Type",0.0],UNIT["Meter",1.0],AUTHORITY["EPSG",3857]]</WKT><XOrigin>-20037700</XOrigin><YOrigin>-30241100</YOrigin><XYScale>10000</XYScale><ZOrigin>-100000</ZOrigin><ZScale>10000</ZScale><MOrigin>-100000</MOrigin><MScale>10000</MScale><XYTolerance>0.001</XYTolerance><ZTolerance>0.001</ZTolerance><MTolerance>0.001</MTolerance><HighPrecision>true</HighPrecision><WKID>102100</WKID><LatestWKID>3857</LatestWKID></SpatialReference><GridSize0>970</GridSize0></GeometryDef><ModelName>SHAPE</ModelName></Field></FieldArray></Fields></Index></IndexArray></Indexes><CLSID>{52353152-891A-11D0-BEC6-00805F7C4268}</CLSID><EXTCLSID></EXTCLSID><RelationshipClassNames xsi:type="esri:Names"></RelationshipClassNames><AliasName>Manzana</AliasName><ModelName></ModelName><HasGlobalID>false</HasGlobalID><GlobalIDFieldName></GlobalIDFieldName><RasterFieldName></RasterFieldName><ExtensionProperties xsi:type="esri:PropertySet"><PropertyArray xsi:type="esri:ArrayOfPropertySetProperty"></PropertyArray></ExtensionProperties><ControllerMemberships xsi:type="esri:ArrayOfControllerMembership"></ControllerMemberships><EditorTrackingEnabled>false</EditorTrackingEnabled><CreatorFieldName></CreatorFieldName><CreatedAtFieldName></CreatedAtFieldName><EditorFieldName></EditorFieldName><EditedAtFieldName></EditedAtFieldName><IsTimeInUTC>true</IsTimeInUTC><FeatureType>esriFTSimple</FeatureType><ShapeType>esriGeometryPolygon</ShapeType><ShapeFieldName>SHAPE</ShapeFieldName><HasM>false</HasM><HasZ>false</HasZ><HasSpatialIndex>true</HasSpatialIndex><AreaFieldName>SHAPE_Area</AreaFieldName><LengthFieldName>SHAPE_Length</LengthFieldName><Extent xsi:type="esri:EnvelopeN"><XMin>-12183256.3376</XMin><YMin>-7350097.0130999982</YMin><XMax>-7523825.3223000001</XMax><YMax>-2060205.0859000012</YMax><SpatialReference xsi:type="esri:ProjectedCoordinateSystem"><WKT>PROJCS["WGS_1984_Web_Mercator_Auxiliary_Sphere",GEOGCS["GCS_WGS_1984",DATUM["D_WGS_1984",SPHEROID["WGS_1984",6378137.0,298.257223563]],PRIMEM["Greenwich",0.0],UNIT["Degree",0.0174532925199433]],PROJECTION["Mercator_Auxiliary_Sphere"],PARAMETER["False_Easting",0.0],PARAMETER["False_Northing",0.0],PARAMETER["Central_Meridian",0.0],PARAMETER["Standard_Parallel_1",0.0],PARAMETER["Auxiliary_Sphere_Type",0.0],UNIT["Meter",1.0],AUTHORITY["EPSG",3857]]</WKT><XOrigin>-20037700</XOrigin><YOrigin>-30241100</YOrigin><XYScale>10000</XYScale><ZOrigin>-100000</ZOrigin><ZScale>10000</ZScale><MOrigin>-100000</MOrigin><MScale>10000</MScale><XYTolerance>0.001</XYTolerance><ZTolerance>0.001</ZTolerance><MTolerance>0.001</MTolerance><HighPrecision>true</HighPrecision><WKID>102100</WKID><LatestWKID>3857</LatestWKID></SpatialReference></Extent><SpatialReference xsi:type="esri:ProjectedCoordinateSystem"><WKT>PROJCS["WGS_1984_Web_Mercator_Auxiliary_Sphere",GEOGCS["GCS_WGS_1984",DATUM["D_WGS_1984",SPHEROID["WGS_1984",6378137.0,298.257223563]],PRIMEM["Greenwich",0.0],UNIT["Degree",0.0174532925199433]],PROJECTION["Mercator_Auxiliary_Sphere"],PARAMETER["False_Easting",0.0],PARAMETER["False_Northing",0.0],PARAMETER["Central_Meridian",0.0],PARAMETER["Standard_Parallel_1",0.0],PARAMETER["Auxiliary_Sphere_Type",0.0],UNIT["Meter",1.0],AUTHORITY["EPSG",3857]]</WKT><XOrigin>-20037700</XOrigin><YOrigin>-30241100</YOrigin><XYScale>10000</XYScale><ZOrigin>-100000</ZOrigin><ZScale>10000</ZScale><MOrigin>-100000</MOrigin><MScale>10000</MScale><XYTolerance>0.001</XYTolerance><ZTolerance>0.001</ZTolerance><MTolerance>0.001</MTolerance><HighPrecision>true</HighPrecision><WKID>102100</WKID><LatestWKID>3857</LatestWKID></SpatialReference><ChangeTracked>false</ChangeTracked></DataElement></DatasetDefinitions><Metadata xsi:type="esri:XmlPropertySet"><XmlDoc>&lt;?xml version="1.0"?&gt;
&lt;metadata xml:lang="es"&gt;&lt;Esri&gt;&lt;CreaDate&gt;20210609&lt;/CreaDate&gt;&lt;CreaTime&gt;16003900&lt;/CreaTime&gt;&lt;ArcGISFormat&gt;1.0&lt;/ArcGISFormat&gt;&lt;ArcGISstyle&gt;ISO 19139 Metadata Implementation Specification&lt;/ArcGISstyle&gt;&lt;SyncOnce&gt;TRUE&lt;/SyncOnce&gt;&lt;/Esri&gt;&lt;/metadata&gt;
</XmlDoc></Metadata></WorkspaceDefinition><WorkspaceData xsi:type="esri:WorkspaceData"></WorkspaceData><dataIdInfo><envirDesc Sync="TRUE">Microsoft Windows 10 Version 10.0 (Build 22631) ; Esri ArcGIS 13.4.0.55405</envirDesc><dataLang><languageCode value="spa" Sync="TRUE"></languageCode><countryCode value="CHL" Sync="TRUE"></countryCode></dataLang><idCitation><resTitle Sync="TRUE">manzanas_concon</resTitle><presForm><PresFormCd value="005" Sync="TRUE"></PresFormCd></presForm></idCitation><spatRpType><SpatRepTypCd value="001" Sync="TRUE"></SpatRepTypCd></spatRpType></dataIdInfo><mdLang><languageCode value="spa" Sync="TRUE"></languageCode><countryCode value="CHL" Sync="TRUE"></countryCode></mdLang><Esri><DataProperties><itemProps><itemName Sync="TRUE">manzanas_concon</itemName><imsContentType Sync="TRUE">002</imsContentType><itemSize Sync="TRUE">0.000</itemSize><itemLocation><linkage Sync="TRUE">file://\\HECTOR\C$\Users\hecto\Desktop\DAG_PEP\manzanas_concon\manzanas_concon.shp</linkage><protocol Sync="TRUE">Local Area Network</protocol></itemLocation></itemProps><coordRef><type Sync="TRUE">Projected</type><geogcsn Sync="TRUE">GCS_WGS_1984</geogcsn><csUnits Sync="TRUE">Linear Unit: Meter (1.000000)</csUnits><projcsn Sync="TRUE">WGS_1984_Web_Mercator_Auxiliary_Sphere</projcsn><peXml Sync="TRUE">&lt;ProjectedCoordinateSystem xsi:type='typens:ProjectedCoordinateSystem' xmlns:xsi='http://www.w3.org/2001/XMLSchema-instance' xmlns:xs='http://www.w3.org/2001/XMLSchema' xmlns:typens='http://www.esri.com/schemas/ArcGIS/3.4.0'&gt;&lt;WKT&gt;PROJCS[&amp;quot;WGS_1984_Web_Mercator_Auxiliary_Sphere&amp;quot;,GEOGCS[&amp;quot;GCS_WGS_1984&amp;quot;,DATUM[&amp;quot;D_WGS_1984&amp;quot;,SPHEROID[&amp;quot;WGS_1984&amp;quot;,6378137.0,298.257223563]],PRIMEM[&amp;quot;Greenwich&amp;quot;,0.0],UNIT[&amp;quot;Degree&amp;quot;,0.0174532925199433]],PROJECTION[&amp;quot;Mercator_Auxiliary_Sphere&amp;quot;],PARAMETER[&amp;quot;False_Easting&amp;quot;,0.0],PARAMETER[&amp;quot;False_Northing&amp;quot;,0.0],PARAMETER[&amp;quot;Central_Meridian&amp;quot;,0.0],PARAMETER[&amp;quot;Standard_Parallel_1&amp;quot;,0.0],PARAMETER[&amp;quot;Auxiliary_Sphere_Type&amp;quot;,0.0],UNIT[&amp;quot;Meter&amp;quot;,1.0],AUTHORITY[&amp;quot;EPSG&amp;quot;,3857]]&lt;/WKT&gt;&lt;XOrigin&gt;-20037700&lt;/XOrigin&gt;&lt;YOrigin&gt;-30241100&lt;/YOrigin&gt;&lt;XYScale&gt;148923141.92838538&lt;/XYScale&gt;&lt;ZOrigin&gt;-100000&lt;/ZOrigin&gt;&lt;ZScale&gt;10000&lt;/ZScale&gt;&lt;MOrigin&gt;-100000&lt;/MOrigin&gt;&lt;MScale&gt;10000&lt;/MScale&gt;&lt;XYTolerance&gt;0.001&lt;/XYTolerance&gt;&lt;ZTolerance&gt;0.001&lt;/ZTolerance&gt;&lt;MTolerance&gt;0.001&lt;/MTolerance&gt;&lt;HighPrecision&gt;true&lt;/HighPrecision&gt;&lt;WKID&gt;102100&lt;/WKID&gt;&lt;LatestWKID&gt;3857&lt;/LatestWKID&gt;&lt;/ProjectedCoordinateSystem&gt;</peXml></coordRef><lineage><Process ToolSource="c:\program files\arcgis\pro\Resources\ArcToolbox\toolboxes\Conversion Tools.tbx\ExportFeatures" Date="20241217" Time="182525">ExportFeatures Microdatos_Manzana C:\Users\hecto\Desktop\DAG_PEP\manzanas_concon\manzanas_concon.shp # NOT_USE_ALIAS "CUT "CUT" true true false 10 Long 0 10,First,#,Microdatos_Manzana,CUT,-1,-1;REGION "REGION" true true false 55 Text 0 0,First,#,Microdatos_Manzana,REGION,0,54;PROVINCIA "PROVINCIA" true true false 50 Text 0 0,First,#,Microdatos_Manzana,PROVINCIA,0,49;COMUNA "COMUNA" true true false 22 Text 0 0,First,#,Microdatos_Manzana,COMUNA,0,21;NOMBRE_DIS "NOMBRE_DIS" true true false 254 Text 0 0,First,#,Microdatos_Manzana,NOMBRE_DIS,0,253;CODIGO_DIS "CODIGO_DIS" true true false 10 Long 0 10,First,#,Microdatos_Manzana,CODIGO_DIS,-1,-1;MANZENT "MANZENT" true true false 20 Text 0 0,First,#,Microdatos_Manzana,MANZENT,0,19;ZONA_CENSA "ZONA_CENSA" true true false 10 Long 0 10,First,#,Microdatos_Manzana,ZONA_CENSA,-1,-1;MANZANA "MANZANA" true true false 10 Long 0 10,First,#,Microdatos_Manzana,MANZANA,-1,-1;TOTAL_PERS "TOTAL_PERS" true true false 10 Long 0 10,First,#,Microdatos_Manzana,TOTAL_PERS,-1,-1;TOTAL_HOMB "TOTAL_HOMB" true true false 254 Text 0 0,First,#,Microdatos_Manzana,TOTAL_HOMB,0,253;TOTAL_MUJE "TOTAL_MUJE" true true false 254 Text 0 0,First,#,Microdatos_Manzana,TOTAL_MUJE,0,253;PERSONAS_0 "PERSONAS_0" true true false 254 Text 0 0,First,#,Microdatos_Manzana,PERSONAS_0,0,253;PERSONAS_6 "PERSONAS_6" true true false 254 Text 0 0,First,#,Microdatos_Manzana,PERSONAS_6,0,253;PERSONAS_1 "PERSONAS_1" true true false 254 Text 0 0,First,#,Microdatos_Manzana,PERSONAS_1,0,253;PERSONAS_M "PERSONAS_M" true true false 254 Text 0 0,First,#,Microdatos_Manzana,PERSONAS_M,0,253;PERSONAS_E "PERSONAS_E" true true false 254 Text 0 0,First,#,Microdatos_Manzana,PERSONAS_E,0,253;PUEBLOS_IN "PUEBLOS_IN" true true false 254 Text 0 0,First,#,Microdatos_Manzana,PUEBLOS_IN,0,253;TOTAL_VIV_ "TOTAL_VIV_" true true false 10 Long 0 10,First,#,Microdatos_Manzana,TOTAL_VIV_,-1,-1;TOTAL_VIV1 "TOTAL_VIV1" true true false 10 Long 0 10,First,#,Microdatos_Manzana,TOTAL_VIV1,-1,-1;VIV_OCUPA_ "VIV_OCUPA_" true true false 10 Long 0 10,First,#,Microdatos_Manzana,VIV_OCUPA_,-1,-1;TOTAL_VIVI "TOTAL_VIVI" true true false 10 Long 0 10,First,#,Microdatos_Manzana,TOTAL_VIVI,-1,-1;CANTIDAD_H "CANTIDAD_H" true true false 10 Long 0 10,First,#,Microdatos_Manzana,CANTIDAD_H,-1,-1;VIV_TIPO_C "VIV_TIPO_C" true true false 10 Long 0 10,First,#,Microdatos_Manzana,VIV_TIPO_C,-1,-1;VIV_TIPO_D "VIV_TIPO_D" true true false 10 Long 0 10,First,#,Microdatos_Manzana,VIV_TIPO_D,-1,-1;VIV_TIPO_T "VIV_TIPO_T" true true false 10 Long 0 10,First,#,Microdatos_Manzana,VIV_TIPO_T,-1,-1;VIV_TIPO_P "VIV_TIPO_P" true true false 10 Long 0 10,First,#,Microdatos_Manzana,VIV_TIPO_P,-1,-1;VIV_TIPO_M "VIV_TIPO_M" true true false 10 Long 0 10,First,#,Microdatos_Manzana,VIV_TIPO_M,-1,-1;VIV_TIPO_1 "VIV_TIPO_1" true true false 10 Long 0 10,First,#,Microdatos_Manzana,VIV_TIPO_1,-1,-1;VIV_TIPO_O "VIV_TIPO_O" true true false 10 Long 0 10,First,#,Microdatos_Manzana,VIV_TIPO_O,-1,-1;VIV_PARED_ "VIV_PARED_" true true false 10 Long 0 10,First,#,Microdatos_Manzana,VIV_PARED_,-1,-1;VIV_PARED1 "VIV_PARED1" true true false 10 Long 0 10,First,#,Microdatos_Manzana,VIV_PARED1,-1,-1;VIV_PARE_1 "VIV_PARE_1" true true false 10 Long 0 10,First,#,Microdatos_Manzana,VIV_PARE_1,-1,-1;VIV_PARE_2 "VIV_PARE_2" true true false 10 Long 0 10,First,#,Microdatos_Manzana,VIV_PARE_2,-1,-1;VIV_PARE_3 "VIV_PARE_3" true true false 10 Long 0 10,First,#,Microdatos_Manzana,VIV_PARE_3,-1,-1;VIV_PARE_4 "VIV_PARE_4" true true false 10 Long 0 10,First,#,Microdatos_Manzana,VIV_PARE_4,-1,-1;VIV_TECHO_ "VIV_TECHO_" true true false 10 Long 0 10,First,#,Microdatos_Manzana,VIV_TECHO_,-1,-1;VIV_TECHO1 "VIV_TECHO1" true true false 10 Long 0 10,First,#,Microdatos_Manzana,VIV_TECHO1,-1,-1;VIV_TECH_1 "VIV_TECH_1" true true false 10 Long 0 10,First,#,Microdatos_Manzana,VIV_TECH_1,-1,-1;VIV_TECH_2 "VIV_TECH_2" true true false 10 Long 0 10,First,#,Microdatos_Manzana,VIV_TECH_2,-1,-1;VIV_TECH_3 "VIV_TECH_3" true true false 10 Long 0 10,First,#,Microdatos_Manzana,VIV_TECH_3,-1,-1;VIV_TECH_4 "VIV_TECH_4" true true false 10 Long 0 10,First,#,Microdatos_Manzana,VIV_TECH_4,-1,-1;VIV_TECH_5 "VIV_TECH_5" true true false 10 Long 0 10,First,#,Microdatos_Manzana,VIV_TECH_5,-1,-1;VIV_PISO_P "VIV_PISO_P" true true false 10 Long 0 10,First,#,Microdatos_Manzana,VIV_PISO_P,-1,-1;VIV_PISO_R "VIV_PISO_R" true true false 10 Long 0 10,First,#,Microdatos_Manzana,VIV_PISO_R,-1,-1;VIV_PISO_B "VIV_PISO_B" true true false 10 Long 0 10,First,#,Microdatos_Manzana,VIV_PISO_B,-1,-1;VIV_PISO_C "VIV_PISO_C" true true false 10 Long 0 10,First,#,Microdatos_Manzana,VIV_PISO_C,-1,-1;VIV_PISO_T "VIV_PISO_T" true true false 10 Long 0 10,First,#,Microdatos_Manzana,VIV_PISO_T,-1,-1;VIV_MATERI "VIV_MATERI" true true false 10 Long 0 10,First,#,Microdatos_Manzana,VIV_MATERI,-1,-1;VIV_MATE_1 "VIV_MATE_1" true true false 10 Long 0 10,First,#,Microdatos_Manzana,VIV_MATE_1,-1,-1;VIV_MATE_2 "VIV_MATE_2" true true false 10 Long 0 10,First,#,Microdatos_Manzana,VIV_MATE_2,-1,-1;VIV_AGUA_R "VIV_AGUA_R" true true false 10 Long 0 10,First,#,Microdatos_Manzana,VIV_AGUA_R,-1,-1;VIV_AGUA_P "VIV_AGUA_P" true true false 10 Long 0 10,First,#,Microdatos_Manzana,VIV_AGUA_P,-1,-1;VIV_AGUA_C "VIV_AGUA_C" true true false 10 Long 0 10,First,#,Microdatos_Manzana,VIV_AGUA_C,-1,-1;VIV_AGUA_1 "VIV_AGUA_1" true true false 10 Long 0 10,First,#,Microdatos_Manzana,VIV_AGUA_1,-1,-1" #</Process></lineage></DataProperties><SyncDate>20241217</SyncDate><SyncTime>18252500</SyncTime><ModDate>20241217</ModDate><ModTime>18252500</ModTime></Esri><distInfo><distFormat><formatName Sync="TRUE">Shapefile</formatName></distFormat><distTranOps><transSize Sync="TRUE">0.000</transSize></distTranOps></distInfo><mdHrLv><ScopeCd value="005" Sync="TRUE"></ScopeCd></mdHrLv><mdHrLvName Sync="TRUE">dataset</mdHrLvName><refSysInfo><RefSystem><refSysID><identCode code="3857" Sync="TRUE"></identCode><idCodeSpace Sync="TRUE">EPSG</idCodeSpace><idVersion Sync="TRUE">6.18.3(9.3.1.2)</idVersion></refSysID></RefSystem></refSysInfo><spatRepInfo><VectSpatRep><geometObjs Name="manzanas_concon"><geoObjTyp><GeoObjTypCd value="002" Sync="TRUE"></GeoObjTypCd></geoObjTyp><geoObjCnt Sync="TRUE">0</geoObjCnt></geometObjs><topLvl><TopoLevCd value="001" Sync="TRUE"></TopoLevCd></topLvl></VectSpatRep></spatRepInfo><spdoinfo><ptvctinf><esriterm Name="manzanas_concon"><efeatyp Sync="TRUE">Simple</efeatyp><efeageom code="4" Sync="TRUE"></efeageom><esritopo Sync="TRUE">FALSE</esritopo><efeacnt Sync="TRUE">0</efeacnt><spindex Sync="TRUE">FALSE</spindex><linrefer Sync="TRUE">FALSE</linrefer></esriterm></ptvctinf></spdoinfo><eainfo><detailed Name="manzanas_concon"><enttyp><enttypl Sync="TRUE">manzanas_concon</enttypl><enttypt Sync="TRUE">Feature Class</enttypt><enttypc Sync="TRUE">0</enttypc></enttyp><attr><attrlabl Sync="TRUE">FID</attrlabl><attalias Sync="TRUE">FID</attalias><attrtype Sync="TRUE">OID</attrtype><attwidth Sync="TRUE">4</attwidth><atprecis Sync="TRUE">0</atprecis><attscale Sync="TRUE">0</attscale><attrdef Sync="TRUE">Internal feature number.</attrdef><attrdefs Sync="TRUE">Esri</attrdefs><attrdomv><udom Sync="TRUE">Sequential unique whole numbers that are automatically generated.</udom></attrdomv></attr><attr><attrlabl Sync="TRUE">Shape</attrlabl><attalias Sync="TRUE">Shape</attalias><attrtype Sync="TRUE">Geometry</attrtype><attwidth Sync="TRUE">0</attwidth><atprecis Sync="TRUE">0</atprecis><attscale Sync="TRUE">0</attscale><attrdef Sync="TRUE">Feature geometry.</attrdef><attrdefs Sync="TRUE">Esri</attrdefs><attrdomv><udom Sync="TRUE">Coordinates defining the features.</udom></attrdomv></attr><attr><attrlabl Sync="TRUE">CUT</attrlabl><attalias Sync="TRUE">CUT</attalias><attrtype Sync="TRUE">Integer</attrtype><attwidth Sync="TRUE">10</attwidth><atprecis Sync="TRUE">10</atprecis><attscale Sync="TRUE">0</attscale></attr><attr><attrlabl Sync="TRUE">REGION</attrlabl><attalias Sync="TRUE">REGION</attalias><attrtype Sync="TRUE">String</attrtype><attwidth Sync="TRUE">55</attwidth><atprecis Sync="TRUE">0</atprecis><attscale Sync="TRUE">0</attscale></attr><attr><attrlabl Sync="TRUE">PROVINCIA</attrlabl><attalias Sync="TRUE">PROVINCIA</attalias><attrtype Sync="TRUE">String</attrtype><attwidth Sync="TRUE">50</attwidth><atprecis Sync="TRUE">0</atprecis><attscale Sync="TRUE">0</attscale></attr><attr><attrlabl Sync="TRUE">COMUNA</attrlabl><attalias Sync="TRUE">COMUNA</attalias><attrtype Sync="TRUE">String</attrtype><attwidth Sync="TRUE">22</attwidth><atprecis Sync="TRUE">0</atprecis><attscale Sync="TRUE">0</attscale></attr><attr><attrlabl Sync="TRUE">NOMBRE_DIS</attrlabl><attalias Sync="TRUE">NOMBRE_DIS</attalias><attrtype Sync="TRUE">String</attrtype><attwidth Sync="TRUE">254</attwidth><atprecis Sync="TRUE">0</atprecis><attscale Sync="TRUE">0</attscale></attr><attr><attrlabl Sync="TRUE">CODIGO_DIS</attrlabl><attalias Sync="TRUE">CODIGO_DIS</attalias><attrtype Sync="TRUE">Integer</attrtype><attwidth Sync="TRUE">10</attwidth><atprecis Sync="TRUE">10</atprecis><attscale Sync="TRUE">0</attscale></attr><attr><attrlabl Sync="TRUE">MANZENT</attrlabl><attalias Sync="TRUE">MANZENT</attalias><attrtype Sync="TRUE">String</attrtype><attwidth Sync="TRUE">20</attwidth><atprecis Sync="TRUE">0</atprecis><attscale Sync="TRUE">0</attscale></attr><attr><attrlabl Sync="TRUE">ZONA_CENSA</attrlabl><attalias Sync="TRUE">ZONA_CENSA</attalias><attrtype Sync="TRUE">Integer</attrtype><attwidth Sync="TRUE">10</attwidth><atprecis Sync="TRUE">10</atprecis><attscale Sync="TRUE">0</attscale></attr><attr><attrlabl Sync="TRUE">MANZANA</attrlabl><attalias Sync="TRUE">MANZANA</attalias><attrtype Sync="TRUE">Integer</attrtype><attwidth Sync="TRUE">10</attwidth><atprecis Sync="TRUE">10</atprecis><attscale Sync="TRUE">0</attscale></attr><attr><attrlabl Sync="TRUE">TOTAL_PERS</attrlabl><attalias Sync="TRUE">TOTAL_PERS</attalias><attrtype Sync="TRUE">Integer</attrtype><attwidth Sync="TRUE">10</attwidth><atprecis Sync="TRUE">10</atprecis><attscale Sync="TRUE">0</attscale></attr><attr><attrlabl Sync="TRUE">TOTAL_HOMB</attrlabl><attalias Sync="TRUE">TOTAL_HOMB</attalias><attrtype Sync="TRUE">String</attrtype><attwidth Sync="TRUE">254</attwidth><atprecis Sync="TRUE">0</atprecis><attscale Sync="TRUE">0</attscale></attr><attr><attrlabl Sync="TRUE">TOTAL_MUJE</attrlabl><attalias Sync="TRUE">TOTAL_MUJE</attalias><attrtype Sync="TRUE">String</attrtype><attwidth Sync="TRUE">254</attwidth><atprecis Sync="TRUE">0</atprecis><attscale Sync="TRUE">0</attscale></attr><attr><attrlabl Sync="TRUE">PERSONAS_0</attrlabl><attalias Sync="TRUE">PERSONAS_0</attalias><attrtype Sync="TRUE">String</attrtype><attwidth Sync="TRUE">254</attwidth><atprecis Sync="TRUE">0</atprecis><attscale Sync="TRUE">0</attscale></attr><attr><attrlabl Sync="TRUE">PERSONAS_6</attrlabl><attalias Sync="TRUE">PERSONAS_6</attalias><attrtype Sync="TRUE">String</attrtype><attwidth Sync="TRUE">254</attwidth><atprecis Sync="TRUE">0</atprecis><attscale Sync="TRUE">0</attscale></attr><attr><attrlabl Sync="TRUE">PERSONAS_1</attrlabl><attalias Sync="TRUE">PERSONAS_1</attalias><attrtype Sync="TRUE">String</attrtype><attwidth Sync="TRUE">254</attwidth><atprecis Sync="TRUE">0</atprecis><attscale Sync="TRUE">0</attscale></attr><attr><attrlabl Sync="TRUE">PERSONAS_M</attrlabl><attalias Sync="TRUE">PERSONAS_M</attalias><attrtype Sync="TRUE">String</attrtype><attwidth Sync="TRUE">254</attwidth><atprecis Sync="TRUE">0</atprecis><attscale Sync="TRUE">0</attscale></attr><attr><attrlabl Sync="TRUE">PERSONAS_E</attrlabl><attalias Sync="TRUE">PERSONAS_E</attalias><attrtype Sync="TRUE">String</attrtype><attwidth Sync="TRUE">254</attwidth><atprecis Sync="TRUE">0</atprecis><attscale Sync="TRUE">0</attscale></attr><attr><attrlabl Sync="TRUE">PUEBLOS_IN</attrlabl><attalias Sync="TRUE">PUEBLOS_IN</attalias><attrtype Sync="TRUE">String</attrtype><attwidth Sync="TRUE">254</attwidth><atprecis Sync="TRUE">0</atprecis><attscale Sync="TRUE">0</attscale></attr><attr><attrlabl Sync="TRUE">TOTAL_VIV_</attrlabl><attalias Sync="TRUE">TOTAL_VIV_</attalias><attrtype Sync="TRUE">Integer</attrtype><attwidth Sync="TRUE">10</attwidth><atprecis Sync="TRUE">10</atprecis><attscale Sync="TRUE">0</attscale></attr><attr><attrlabl Sync="TRUE">TOTAL_VIV1</attrlabl><attalias Sync="TRUE">TOTAL_VIV1</attalias><attrtype Sync="TRUE">Integer</attrtype><attwidth Sync="TRUE">10</attwidth><atprecis Sync="TRUE">10</atprecis><attscale Sync="TRUE">0</attscale></attr><attr><attrlabl Sync="TRUE">VIV_OCUPA_</attrlabl><attalias Sync="TRUE">VIV_OCUPA_</attalias><attrtype Sync="TRUE">Integer</attrtype><attwidth Sync="TRUE">10</attwidth><atprecis Sync="TRUE">10</atprecis><attscale Sync="TRUE">0</attscale></attr><attr><attrlabl Sync="TRUE">TOTAL_VIVI</attrlabl><attalias Sync="TRUE">TOTAL_VIVI</attalias><attrtype Sync="TRUE">Integer</attrtype><attwidth Sync="TRUE">10</attwidth><atprecis Sync="TRUE">10</atprecis><attscale Sync="TRUE">0</attscale></attr><attr><attrlabl Sync="TRUE">CANTIDAD_H</attrlabl><attalias Sync="TRUE">CANTIDAD_H</attalias><attrtype Sync="TRUE">Integer</attrtype><attwidth Sync="TRUE">10</attwidth><atprecis Sync="TRUE">10</atprecis><attscale Sync="TRUE">0</attscale></attr><attr><attrlabl Sync="TRUE">VIV_TIPO_C</attrlabl><attalias Sync="TRUE">VIV_TIPO_C</attalias><attrtype Sync="TRUE">Integer</attrtype><attwidth Sync="TRUE">10</attwidth><atprecis Sync="TRUE">10</atprecis><attscale Sync="TRUE">0</attscale></attr><attr><attrlabl Sync="TRUE">VIV_TIPO_D</attrlabl><attalias Sync="TRUE">VIV_TIPO_D</attalias><attrtype Sync="TRUE">Integer</attrtype><attwidth Sync="TRUE">10</attwidth><atprecis Sync="TRUE">10</atprecis><attscale Sync="TRUE">0</attscale></attr><attr><attrlabl Sync="TRUE">VIV_TIPO_T</attrlabl><attalias Sync="TRUE">VIV_TIPO_T</attalias><attrtype Sync="TRUE">Integer</attrtype><attwidth Sync="TRUE">10</attwidth><atprecis Sync="TRUE">10</atprecis><attscale Sync="TRUE">0</attscale></attr><attr><attrlabl Sync="TRUE">VIV_TIPO_P</attrlabl><attalias Sync="TRUE">VIV_TIPO_P</attalias><attrtype Sync="TRUE">Integer</attrtype><attwidth Sync="TRUE">10</attwidth><atprecis Sync="TRUE">10</atprecis><attscale Sync="TRUE">0</attscale></attr><attr><attrlabl Sync="TRUE">VIV_TIPO_M</attrlabl><attalias Sync="TRUE">VIV_TIPO_M</attalias><attrtype Sync="TRUE">Integer</attrtype><attwidth Sync="TRUE">10</attwidth><atprecis Sync="TRUE">10</atprecis><attscale Sync="TRUE">0</attscale></attr><attr><attrlabl Sync="TRUE">VIV_TIPO_1</attrlabl><attalias Sync="TRUE">VIV_TIPO_1</attalias><attrtype Sync="TRUE">Integer</attrtype><attwidth Sync="TRUE">10</attwidth><atprecis Sync="TRUE">10</atprecis><attscale Sync="TRUE">0</attscale></attr><attr><attrlabl Sync="TRUE">VIV_TIPO_O</attrlabl><attalias Sync="TRUE">VIV_TIPO_O</attalias><attrtype Sync="TRUE">Integer</attrtype><attwidth Sync="TRUE">10</attwidth><atprecis Sync="TRUE">10</atprecis><attscale Sync="TRUE">0</attscale></attr><attr><attrlabl Sync="TRUE">VIV_PARED_</attrlabl><attalias Sync="TRUE">VIV_PARED_</attalias><attrtype Sync="TRUE">Integer</attrtype><attwidth Sync="TRUE">10</attwidth><atprecis Sync="TRUE">10</atprecis><attscale Sync="TRUE">0</attscale></attr><attr><attrlabl Sync="TRUE">VIV_PARED1</attrlabl><attalias Sync="TRUE">VIV_PARED1</attalias><attrtype Sync="TRUE">Integer</attrtype><attwidth Sync="TRUE">10</attwidth><atprecis Sync="TRUE">10</atprecis><attscale Sync="TRUE">0</attscale></attr><attr><attrlabl Sync="TRUE">VIV_PARE_1</attrlabl><attalias Sync="TRUE">VIV_PARE_1</attalias><attrtype Sync="TRUE">Integer</attrtype><attwidth Sync="TRUE">10</attwidth><atprecis Sync="TRUE">10</atprecis><attscale Sync="TRUE">0</attscale></attr><attr><attrlabl Sync="TRUE">VIV_PARE_2</attrlabl><attalias Sync="TRUE">VIV_PARE_2</attalias><attrtype Sync="TRUE">Integer</attrtype><attwidth Sync="TRUE">10</attwidth><atprecis Sync="TRUE">10</atprecis><attscale Sync="TRUE">0</attscale></attr><attr><attrlabl Sync="TRUE">VIV_PARE_3</attrlabl><attalias Sync="TRUE">VIV_PARE_3</attalias><attrtype Sync="TRUE">Integer</attrtype><attwidth Sync="TRUE">10</attwidth><atprecis Sync="TRUE">10</atprecis><attscale Sync="TRUE">0</attscale></attr><attr><attrlabl Sync="TRUE">VIV_PARE_4</attrlabl><attalias Sync="TRUE">VIV_PARE_4</attalias><attrtype Sync="TRUE">Integer</attrtype><attwidth Sync="TRUE">10</attwidth><atprecis Sync="TRUE">10</atprecis><attscale Sync="TRUE">0</attscale></attr><attr><attrlabl Sync="TRUE">VIV_TECHO_</attrlabl><attalias Sync="TRUE">VIV_TECHO_</attalias><attrtype Sync="TRUE">Integer</attrtype><attwidth Sync="TRUE">10</attwidth><atprecis Sync="TRUE">10</atprecis><attscale Sync="TRUE">0</attscale></attr><attr><attrlabl Sync="TRUE">VIV_TECHO1</attrlabl><attalias Sync="TRUE">VIV_TECHO1</attalias><attrtype Sync="TRUE">Integer</attrtype><attwidth Sync="TRUE">10</attwidth><atprecis Sync="TRUE">10</atprecis><attscale Sync="TRUE">0</attscale></attr><attr><attrlabl Sync="TRUE">VIV_TECH_1</attrlabl><attalias Sync="TRUE">VIV_TECH_1</attalias><attrtype Sync="TRUE">Integer</attrtype><attwidth Sync="TRUE">10</attwidth><atprecis Sync="TRUE">10</atprecis><attscale Sync="TRUE">0</attscale></attr><attr><attrlabl Sync="TRUE">VIV_TECH_2</attrlabl><attalias Sync="TRUE">VIV_TECH_2</attalias><attrtype Sync="TRUE">Integer</attrtype><attwidth Sync="TRUE">10</attwidth><atprecis Sync="TRUE">10</atprecis><attscale Sync="TRUE">0</attscale></attr><attr><attrlabl Sync="TRUE">VIV_TECH_3</attrlabl><attalias Sync="TRUE">VIV_TECH_3</attalias><attrtype Sync="TRUE">Integer</attrtype><attwidth Sync="TRUE">10</attwidth><atprecis Sync="TRUE">10</atprecis><attscale Sync="TRUE">0</attscale></attr><attr><attrlabl Sync="TRUE">VIV_TECH_4</attrlabl><attalias Sync="TRUE">VIV_TECH_4</attalias><attrtype Sync="TRUE">Integer</attrtype><attwidth Sync="TRUE">10</attwidth><atprecis Sync="TRUE">10</atprecis><attscale Sync="TRUE">0</attscale></attr><attr><attrlabl Sync="TRUE">VIV_TECH_5</attrlabl><attalias Sync="TRUE">VIV_TECH_5</attalias><attrtype Sync="TRUE">Integer</attrtype><attwidth Sync="TRUE">10</attwidth><atprecis Sync="TRUE">10</atprecis><attscale Sync="TRUE">0</attscale></attr><attr><attrlabl Sync="TRUE">VIV_PISO_P</attrlabl><attalias Sync="TRUE">VIV_PISO_P</attalias><attrtype Sync="TRUE">Integer</attrtype><attwidth Sync="TRUE">10</attwidth><atprecis Sync="TRUE">10</atprecis><attscale Sync="TRUE">0</attscale></attr><attr><attrlabl Sync="TRUE">VIV_PISO_R</attrlabl><attalias Sync="TRUE">VIV_PISO_R</attalias><attrtype Sync="TRUE">Integer</attrtype><attwidth Sync="TRUE">10</attwidth><atprecis Sync="TRUE">10</atprecis><attscale Sync="TRUE">0</attscale></attr><attr><attrlabl Sync="TRUE">VIV_PISO_B</attrlabl><attalias Sync="TRUE">VIV_PISO_B</attalias><attrtype Sync="TRUE">Integer</attrtype><attwidth Sync="TRUE">10</attwidth><atprecis Sync="TRUE">10</atprecis><attscale Sync="TRUE">0</attscale></attr><attr><attrlabl Sync="TRUE">VIV_PISO_C</attrlabl><attalias Sync="TRUE">VIV_PISO_C</attalias><attrtype Sync="TRUE">Integer</attrtype><attwidth Sync="TRUE">10</attwidth><atprecis Sync="TRUE">10</atprecis><attscale Sync="TRUE">0</attscale></attr><attr><attrlabl Sync="TRUE">VIV_PISO_T</attrlabl><attalias Sync="TRUE">VIV_PISO_T</attalias><attrtype Sync="TRUE">Integer</attrtype><attwidth Sync="TRUE">10</attwidth><atprecis Sync="TRUE">10</atprecis><attscale Sync="TRUE">0</attscale></attr><attr><attrlabl Sync="TRUE">VIV_MATERI</attrlabl><attalias Sync="TRUE">VIV_MATERI</attalias><attrtype Sync="TRUE">Integer</attrtype><attwidth Sync="TRUE">10</attwidth><atprecis Sync="TRUE">10</atprecis><attscale Sync="TRUE">0</attscale></attr><attr><attrlabl Sync="TRUE">VIV_MATE_1</attrlabl><attalias Sync="TRUE">VIV_MATE_1</attalias><attrtype Sync="TRUE">Integer</attrtype><attwidth Sync="TRUE">10</attwidth><atprecis Sync="TRUE">10</atprecis><attscale Sync="TRUE">0</attscale></attr><attr><attrlabl Sync="TRUE">VIV_MATE_2</attrlabl><attalias Sync="TRUE">VIV_MATE_2</attalias><attrtype Sync="TRUE">Integer</attrtype><attwidth Sync="TRUE">10</attwidth><atprecis Sync="TRUE">10</atprecis><attscale Sync="TRUE">0</attscale></attr><attr><attrlabl Sync="TRUE">VIV_AGUA_R</attrlabl><attalias Sync="TRUE">VIV_AGUA_R</attalias><attrtype Sync="TRUE">Integer</attrtype><attwidth Sync="TRUE">10</attwidth><atprecis Sync="TRUE">10</atprecis><attscale Sync="TRUE">0</attscale></attr><attr><attrlabl Sync="TRUE">VIV_AGUA_P</attrlabl><attalias Sync="TRUE">VIV_AGUA_P</attalias><attrtype Sync="TRUE">Integer</attrtype><attwidth Sync="TRUE">10</attwidth><atprecis Sync="TRUE">10</atprecis><attscale Sync="TRUE">0</attscale></attr><attr><attrlabl Sync="TRUE">VIV_AGUA_C</attrlabl><attalias Sync="TRUE">VIV_AGUA_C</attalias><attrtype Sync="TRUE">Integer</attrtype><attwidth Sync="TRUE">10</attwidth><atprecis Sync="TRUE">10</atprecis><attscale Sync="TRUE">0</attscale></attr><attr><attrlabl Sync="TRUE">VIV_AGUA_1</attrlabl><attalias Sync="TRUE">VIV_AGUA_1</attalias><attrtype Sync="TRUE">Integer</attrtype><attwidth Sync="TRUE">10</attwidth><atprecis Sync="TRUE">10</atprecis><attscale Sync="TRUE">0</attscale></attr></detailed></eainfo><mdDateSt Sync="TRUE">20241217</mdDateSt></esri:Workspace>
